timestamp,channelTitle,id,publishedAt,title,viewCount,likeCount,commentCount,duration
2026-03-30 19:16:40,Monitor fantasma,wwoE88LjUFM,2026-03-30T03:30:15Z,El tercer LUGAR en riesgo desaparecer y cómo te afecta,2798,355,28,PT10M55S
2026-03-30 19:16:40,Monitor fantasma,iDfFGMCfD-A,2026-03-28T14:00:52Z,¿Qué pasa cuando la IA se apodera de tu cara?,3451,315,23,PT12M41S
2026-03-30 19:16:40,Monitor fantasma,49P4bNf2cXw,2026-03-25T14:00:05Z,La IA como la sombra en la CAVERNA de Platón,9031,990,61,PT10M35S
2026-03-30 19:16:40,Monitor fantasma,PI10Q5zOH5Q,2026-03-23T14:00:40Z,Odio el EMPODERAMIENTO... cuando usas el concepto así,6757,728,58,PT10M19S
2026-03-30 19:16:40,Monitor fantasma,u2p4FvNcBYY,2026-03-19T14:01:34Z,La década perdida de América Latina,7209,637,70,PT11M35S
2026-03-30 19:16:40,Monitor fantasma,96yvcJspSAY,2026-03-16T23:30:05Z,El PUNTO de DIOS explicado,7791,869,61,PT10M
2026-03-30 19:16:40,Monitor fantasma,1K9aTbPe8nc,2026-03-12T18:01:09Z,¿Si tu profe es tan INTELIGENTE por qué es POBRE?,25253,2144,195,PT9M42S
2026-03-30 19:16:40,Monitor fantasma,2O93GjvM7G8,2026-03-10T04:06:14Z,La generación que renunció a la calle,17446,1484,177,PT11M25S
2026-03-30 19:16:40,Monitor fantasma,6ewlC0VI-bI,2026-03-07T14:00:11Z,"Objetividad, imparcialidad y neutralidad",12501,1368,136,PT11M33S
2026-03-30 19:16:40,Monitor fantasma,Oo6L9GjrzF4,2026-03-05T01:39:27Z,"Tecnooptimismo, el metaverso y otras ilusiones rotas",8802,798,62,PT12M55S
2026-03-30 19:16:40,Monitor fantasma,ZBBcpbIEL-A,2026-03-03T13:00:56Z,"Validar la guerra en Irán, la captura de Maduro y el bloqueo a Cuba",9075,1008,157,PT10M22S
2026-03-30 19:16:40,Monitor fantasma,feEsK5X_IW0,2026-02-28T13:01:19Z,"Millennials, la generación de las experiencias sin propósito",42927,2993,410,PT11M34S
2026-03-30 19:16:40,Monitor fantasma,fYv9izCmXmA,2026-02-26T14:01:08Z,¿Cuál es el idioma más inteligente del mundo?,46991,2374,580,PT10M33S
2026-03-30 19:16:40,Monitor fantasma,94u11lpDe8o,2026-02-24T00:54:14Z,Esta es la metáfora de la sociedad presente,16421,1696,108,PT10M51S
2026-03-30 19:16:40,Monitor fantasma,mKxlIOqyAiI,2026-02-21T03:29:09Z,La ESTUPIDEZ es más peligrosa que la MALDAD | Dietrich Bonhoeffer,8273,822,52,PT10M18S
2026-03-30 19:16:40,Monitor fantasma,c8k_ZNBs7sc,2026-02-19T13:30:42Z,Más perros que hijos: La crisis que se viene,19805,1588,352,PT14M16S
2026-03-30 19:16:40,Monitor fantasma,HcKWn32vRIM,2026-02-16T02:55:47Z,"Los Therians y Lacan: Lo imaginario, lo simbólico y lo real",51809,3521,404,PT11M31S
2026-03-30 19:16:40,Monitor fantasma,tQYuWYU3LLc,2026-02-14T00:01:07Z,"El teletrabajo era GENIAL, pero lo arruinamos",10579,842,121,PT10M9S
2026-03-30 19:16:40,Monitor fantasma,Uxv90HRnUWI,2026-02-12T02:36:03Z,Somos un pueblo al sur de Estados Unidos,40291,3282,718,PT12M44S
2026-03-30 19:16:40,Monitor fantasma,gj9XNHZnWAs,2026-02-11T02:05:25Z,El caso Barbacid  y la solidaridad espontánea,10224,1142,94,PT11M57S
2026-03-30 19:16:40,Monitor fantasma,1Q3X4yROf3A,2026-02-06T01:14:00Z,Por qué nos interesa tanto el caso Epstein y qué dice eso de nosotros,26831,1938,255,PT10M25S
2026-03-30 19:16:40,Monitor fantasma,hLiT0-pSeo4,2026-02-04T00:16:07Z,El mito de la intuición femenina explicado,8052,811,79,PT11M3S
2026-03-30 19:16:40,Monitor fantasma,U-mU5ZQdWJA,2026-01-31T23:38:30Z,Por qué Filosofía y Sociología superarán a las carreras “Rentables”,26444,2092,268,PT12M10S
2026-03-30 19:16:40,Monitor fantasma,QnLA4PaV-uI,2026-01-30T00:47:31Z,Por qué Descartes creía que los animales no tenían alma,5587,506,36,PT13M2S
2026-03-30 19:16:40,Monitor fantasma,1BqLixcUofQ,2026-01-26T12:22:38Z,De esclavo a maestro de emperadores,9775,804,44,PT11M52S
2026-03-30 19:16:40,Monitor fantasma,H4VNWy741o0,2026-01-22T12:14:52Z,Así habla la ansiedad,7904,842,43,PT10M26S
2026-03-30 19:16:40,Monitor fantasma,CKwiIJyPV08,2026-01-20T04:39:39Z,El libro que García Márquez NO quiso publicar ,4092,409,38,PT14M16S
2026-03-30 19:16:40,Monitor fantasma,jrcV9fyMDpM,2026-01-18T02:48:38Z,¿Necesitas el PROMPT de otros? Ya valimos.,10211,939,55,PT10M24S
2026-03-30 19:16:40,Monitor fantasma,zvtjzHOf-aU,2026-01-14T04:53:39Z,Cuando un solo salario NO alcanza para vivir,17905,1455,181,PT12M13S
2026-03-30 19:16:40,Monitor fantasma,kQzy3ufroHo,2026-01-11T01:19:54Z,La fobia que nos impuso la cultura popular,5002,526,59,PT12M17S
2026-03-30 19:16:40,Monitor fantasma,Q5sq5JkufHE,2026-01-09T18:40:24Z,El prejuicio contra India y la filosofía de la cocina,37293,3061,469,PT12M30S
2026-03-30 19:16:40,Monitor fantasma,wsbxtcmZyRg,2026-01-06T19:03:02Z,El principio de autoconsistencia de Nóvikov,3922,444,39,PT9M34S
2026-03-30 19:16:40,Monitor fantasma,GQ-GN39LS-g,2026-01-02T23:00:18Z,Domina tus emociones y úsalas a tu favor | Educación Emocional (Curso completo),9527,776,42,PT1H40M58S
2026-03-30 19:16:40,Monitor fantasma,nQhrqDaPQIM,2026-01-01T02:56:13Z,La lógica estoica que rige tu pensamiento,6257,594,41,PT10M41S
2026-03-30 19:16:40,Monitor fantasma,3aM4gbOxfq4,2025-12-28T00:12:12Z,Jesús y Nietzsche coinciden en esto,28231,2632,227,PT11M48S
2026-03-30 19:16:40,Monitor fantasma,QxU1maRUpMg,2025-12-19T04:39:00Z,5 Pensamientos HORRIBLES para compartir en reuniones,11345,1022,66,PT10M14S
2026-03-30 19:16:40,Monitor fantasma,-yIuF0Q3J3M,2025-12-12T03:40:45Z,Hedonismo NO ES buscar el placer,13231,1063,71,PT10M30S
2026-03-30 19:16:40,Monitor fantasma,XwX4Nd1VfBA,2025-12-07T14:01:02Z,El feudalismo tecnológico. ¿Trabajar será un hobby?,20106,1715,247,PT12M26S
2026-03-30 19:16:40,Monitor fantasma,N1VfdRRqkiY,2025-12-04T00:15:51Z,La HORRIBLE enciclopedia de Elon Musk,9944,888,161,PT17M29S
2026-03-30 19:16:40,Monitor fantasma,OTTnLNwqSHk,2025-11-30T00:04:29Z,Esto es lo MÍNIMO de lógica que debes saber 🤔🧠,25708,1935,100,PT13M34S
2026-03-30 19:16:40,Monitor fantasma,_UKHNEAffd0,2025-11-28T02:28:51Z,5 hábitos que parecen de inteligentes pero... te vuelven más tonto,74643,5261,324,PT9M59S
2026-03-30 19:16:40,Monitor fantasma,jxcv2lzAipU,2025-11-21T23:00:57Z,"El timo del ambientalismo: tote bags, huertos y falsas soluciones",13014,1132,166,PT14M50S
2026-03-30 19:16:40,Monitor fantasma,O3y9k2X49og,2025-11-18T02:45:45Z,"Más allá de Aristóteles: La lógica clásica, extendida y desviada",6666,641,38,PT12M24S
2026-03-30 19:16:40,Monitor fantasma,RYcY6pjTE1A,2025-11-13T13:45:04Z,Hubo REVOLUCIÓN pero no la que él esperaba,14286,1300,381,PT13M48S
2026-03-30 19:16:40,Monitor fantasma,WH9CEybJXCQ,2025-11-08T01:11:08Z,La fachaqueta y otras prendas ideológicas,17260,1101,134,PT9M41S
2026-03-30 19:16:40,Monitor fantasma,ckytjdr32dI,2025-10-30T20:54:09Z,Coleccionar: el arte de dar sentido a lo inútil,45748,3139,461,PT10M21S
2026-03-30 19:16:40,Monitor fantasma,xJ7XO1nAJzA,2025-10-25T01:25:25Z,Todo lo que tienes que saber de LÓGICA en un sólo video,42366,3064,186,PT11M7S
2026-03-30 19:16:40,Monitor fantasma,F-s4mNxdWOM,2025-10-21T02:02:33Z,Las 3 reglas de la democracia | Una reflexión sobre la crisis de Perú,10917,1137,304,PT10M4S
2026-03-30 19:16:40,Monitor fantasma,FOabisPHbtM,2025-10-15T13:27:00Z,La batalla silenciosa entre dos filosofías que rigen el mundo,71558,4886,406,PT15M42S
2026-03-30 19:16:40,Monitor fantasma,LaFbfC0vTJM,2025-10-08T04:52:29Z,El opio del pueblo: Marx y la religión,11134,1050,138,PT10M27S
2026-03-30 19:16:40,Monitor fantasma,y646CBqNnfg,2025-10-04T20:47:21Z,El modo en el que hablan los más inteligentes,182492,14074,1144,PT9M56S
2026-03-30 19:16:40,Monitor fantasma,fuYmUlIAzG8,2025-09-28T21:54:52Z,La web está muerta (y tú ayudaste a enterrarla),23529,2256,199,PT11M1S
2026-03-30 19:16:40,Monitor fantasma,h566m1ACmX4,2025-08-09T00:45:00Z,Los números más grandes jamás ideados,4750,580,37,PT11M56S
2026-03-30 19:16:40,Monitor fantasma,IGdymVh_G1Q,2025-08-01T13:00:29Z,"Era la RELIGIÓN DEFINITIVA, pero llegó el Islam",42656,3269,384,PT13M9S
2026-03-30 19:16:40,Monitor fantasma,F9oEXm7QPEM,2025-07-24T13:30:13Z,A qué se refería Cristian Castro con (no) hacer nada,30438,2417,254,PT10M25S
2026-03-30 19:16:40,Monitor fantasma,A5B5sCeggGg,2025-07-22T03:39:44Z,7 Señales de que eres FALSO adulto,32084,3514,269,PT11M25S
2026-03-30 19:16:40,Monitor fantasma,m8KJvvtWiu4,2025-07-12T13:01:24Z,Qué es GENTRIFICACIÓN y por qué el extranjero NO es el problema,21422,1940,269,PT9M18S
2026-03-30 19:16:40,Monitor fantasma,n40uxS-onmQ,2025-07-08T12:35:24Z,Lo que el fracaso de Bryan Johnson debería enseñarnos sobre la vejez,79348,4552,434,PT8M2S
2026-03-30 19:16:40,Monitor fantasma,Byzb7mN1qII,2025-06-26T13:30:10Z,¿La democracia está fallando… o simplemente la estamos viendo mal?,17224,1639,256,PT10M48S
2026-03-30 19:16:40,Monitor fantasma,SL7n7e-03LI,2025-06-24T14:00:41Z,Ad Crumenam: Cuando los ricos son nuestra voz,9808,1045,82,PT10M5S
2026-03-30 19:16:40,Monitor fantasma,IPEGaa36Z6M,2025-06-17T23:09:19Z,¿Por qué es IMPORTANTE aprender filosofía?,10393,1248,94,PT8M50S
2026-03-30 19:16:40,Monitor fantasma,3wuKWWWYw0Y,2025-06-06T14:00:13Z,¿Quién es Dios? | Filosofía,11915,1184,269,PT10M21S
2026-03-30 19:16:40,Monitor fantasma,neTPaTr80zI,2025-06-03T14:01:20Z,10 Frases que solo las personas con bajo coeficiente intelectual usan,46805,3653,626,PT8M53S
2026-03-30 19:16:40,Monitor fantasma,NTB8DN1RZ5U,2025-05-27T22:52:19Z,La CIENCIA está en crisis y es tu culpa,17703,1650,186,PT9M32S
2026-03-30 19:16:40,Monitor fantasma,gD_Mn3L52jA,2025-05-19T13:55:20Z,Países sin ejército ¿Cómo se defienden?,7957,786,142,PT10M23S
2026-03-30 19:16:40,Monitor fantasma,0OfxDgV6K4Q,2025-05-15T15:07:32Z,Por qué ya NADIE camina en las ciudades,25075,2162,276,PT9M14S
2026-03-30 19:16:40,Monitor fantasma,mRagb0yTfj0,2025-05-13T15:29:29Z,El mundo está perdiendo su color y no es broma,82572,5812,742,PT9M44S
2026-03-30 19:16:40,Monitor fantasma,4sw6-M6YPRk,2025-05-06T15:45:58Z,Pregunta seria: ¿Por qué debo trabajar?,24650,2420,300,PT10M1S
2026-03-30 19:16:40,Monitor fantasma,r_C2m5mawsk,2025-05-01T03:29:44Z,Cónclave: El elogio de la duda | Análisis de la película,6493,658,32,PT8M19S
2026-03-30 19:16:40,Monitor fantasma,kNCclFUhhVk,2025-04-29T19:28:01Z,Así será EL MUNDO en 10 años según el NEOCONSERVADURISMO,23786,2025,683,PT9M48S
2026-03-30 19:16:40,Monitor fantasma,npreQulTsfQ,2025-04-26T06:50:25Z,El Existencialismo en Minecraft: ¿Estamos Condenados a Crear?,6684,786,51,PT9M40S
2026-03-30 19:16:40,Monitor fantasma,ET1IvhKVAUo,2025-04-22T07:23:00Z,¿Era comunista? El pensamiento del Papa Francisco,13031,1345,226,PT10M55S
2026-03-30 19:16:40,Monitor fantasma,X45usFAD6XY,2025-04-19T18:53:49Z,Sobre la obra de Mario Vargas Llosa (Una opinión muy personal),15419,1346,127,PT9M39S
2026-03-30 19:16:40,Monitor fantasma,JQB1mBaCk6o,2025-04-16T16:27:32Z,¿Latino o hispano? Cómo te identificas revela quién eres,18671,1772,1455,PT9M16S
2026-03-30 19:16:40,Monitor fantasma,8W1POPcJwEg,2025-04-15T06:07:44Z,El filósofo de mentira que dijo una gran verdad,16984,1362,107,PT10M6S
2026-03-30 19:16:40,Monitor fantasma,xkkWZv7VEiY,2025-04-08T14:36:42Z,Desglobalización: ¿El fin de la aldea global?,22202,1669,127,PT11M4S
2026-03-30 19:16:40,Monitor fantasma,Z5z24TsxfqM,2025-04-01T04:59:15Z,Imitar el arte de Studio Ghibli ¿Robo u homenaje?,30519,2355,249,PT9M47S
2026-03-30 19:16:40,Monitor fantasma,e6opHpCazaA,2025-03-26T19:41:38Z,¿Qué te hace único? La ontología de la diferencia de Gilles Deleuze,11434,1040,40,PT9M18S
2026-03-30 19:16:40,Monitor fantasma,xANGtbfs4uc,2025-03-21T07:20:36Z,No. No es más fácil hacerse rico en 2025 (aunque debería),8723,901,95,PT9M51S
2026-03-30 19:16:40,Monitor fantasma,X1Q3kFZ7jvk,2025-03-10T19:07:56Z,¿Donald Trump está loco?,32524,2644,279,PT10M40S
2026-03-30 19:16:40,Monitor fantasma,OcLzhTx19kg,2025-03-04T02:23:13Z,10 Formas de decir NO SÉ sin decir NO SÉ,12564,1392,70,PT8M30S
2026-03-30 19:16:40,Monitor fantasma,_nMGWmJJ3kw,2025-02-27T02:46:51Z,Lo que nadie te ha contado sobre la ECONOMÍA CIRCULAR,13725,1233,83,PT10M48S
2026-03-30 19:16:40,Monitor fantasma,XZCzgy3eGsE,2025-02-21T19:29:37Z,Por qué NUNCA DEBERÍAS invertir en criptomonedas,31511,2925,419,PT10M40S
2026-03-30 19:16:40,Monitor fantasma,3jVR9thINzE,2025-02-19T13:00:04Z,Cómo funciona la estafa de los pastores con 'superpoderes',71084,3250,369,PT11M43S
2026-03-30 19:16:40,Monitor fantasma,76kqH_Z1C8A,2025-02-17T22:30:19Z,Las propinas no deberían existir (rebatiendo),10049,1059,101,PT10M29S
2026-03-30 19:16:40,Monitor fantasma,qSGan9JG-2s,2025-02-13T17:48:00Z,5 Malos hábitos que te hacen más inteligente,19929,1999,78,PT10M24S
2026-03-30 19:16:40,Monitor fantasma,j8tsjBExtTY,2025-02-10T16:19:41Z,Te explico el POSITIVISMO de Comte en 10 minutos,9797,881,33,PT10M25S
2026-03-30 19:16:40,Monitor fantasma,rrf9nDFvLdo,2025-02-04T02:20:03Z,Obediencia y trabajo duro: los valores de América Latina,17697,1724,109,PT11M23S
2026-03-30 19:16:40,Monitor fantasma,_KC4rPvm5Ok,2025-01-29T02:08:42Z,Zuckerberg y la corrección política ¿A favor o en contra?,9339,1153,146,PT9M17S
2026-03-30 19:16:40,Monitor fantasma,OiS8W_kVfGU,2025-01-21T23:22:07Z,La Nueva Acrópolis me RETA,19730,1800,255,PT10M14S
2026-03-30 19:16:40,Monitor fantasma,HH0LX0qYm_o,2025-01-10T23:30:03Z,5 Teorías científicas obsoletas,21992,2053,204,PT9M32S
2026-03-30 19:16:40,Monitor fantasma,7Ruhy4JQybM,2025-01-06T21:46:49Z,Elon Musk vs Wikipedia ¿Quién tiene razón?,19595,1906,365,PT9M51S
2026-03-30 19:16:40,Monitor fantasma,TswMoaIvIE4,2024-12-28T01:11:42Z,Por qué nunca debes aspirar a ser Batman,14990,1772,111,PT9M39S
2026-03-30 19:16:40,Monitor fantasma,HEjyHe683FI,2024-12-21T21:43:31Z,La batalla cultural ¿El fin del progresismo?,35753,2979,336,PT10M38S
2026-03-30 19:16:40,Monitor fantasma,L360RvONXWY,2024-12-15T18:10:25Z,Navajas filosóficas que debes conocer | Filosofía en breve,14916,1447,50,PT9M39S
2026-03-30 19:16:40,Monitor fantasma,1GlxmThKb70,2024-12-11T12:00:03Z,La nefasta historia de los zoológicos humanos,10489,969,79,PT11M10S
2026-03-30 19:16:40,Monitor fantasma,NOZJ544BNSQ,2024-12-06T23:00:29Z,¿Por qué la filosofía es importante?,14681,1527,92,PT12M8S
2026-03-30 19:16:40,Monitor fantasma,1xZ0XUIQp1Q,2024-12-01T23:30:00Z,10 Términos filosóficos que siempre has usado mal,63862,5853,260,PT11M47S
2026-03-30 19:16:40,Monitor fantasma,sWmN1qTzAwM,2024-11-27T12:01:09Z,El 99% de personas nunca tendrá personalidad,18795,2094,86,PT10M40S
2026-03-30 19:16:40,Monitor fantasma,9wcmXgLF5sY,2024-11-24T22:00:08Z,Qué es la Posmodernidad y por qué está llegando a su fin,57640,4561,359,PT15M44S
2026-03-30 19:16:40,Monitor fantasma,2Got--odpyM,2024-11-18T12:00:03Z,7 Paradojas que te harán reflexionar,14614,1298,45,PT10M2S
2026-03-30 19:16:40,Monitor fantasma,7AQlNkuSg2M,2024-11-14T12:00:06Z,Qué es el tiempo de calidad y cómo impacta en tu vida,14639,1649,76,PT11M3S
2026-03-30 19:16:40,Monitor fantasma,T12VBvnbBUg,2024-11-10T12:00:29Z,Byung-Chul Han: La sociedad de la transparencia,20603,1718,94,PT12M20S
2026-03-30 19:16:40,Monitor fantasma,g5_YJpg7ZfE,2024-11-07T12:00:47Z,Toda mi vida he pagado de más,16960,1799,156,PT11M17S
2026-03-30 19:16:40,Monitor fantasma,FPRe31CfmVY,2024-11-05T12:00:21Z,"Coaching, músculos y Lambos para todos",35008,3619,263,PT9M33S
2026-03-30 19:16:40,Monitor fantasma,30moX2k3V2M,2024-10-31T12:00:05Z,"La farsa de ""la mejor versión"" | Otro engaño del Coaching",79475,7366,523,PT11M28S
2026-03-30 19:16:40,Monitor fantasma,Hj6TGoCL8oY,2024-10-29T12:00:19Z,"No es flojera, no es depresión.",25338,2375,74,PT12M49S
2026-03-30 19:16:40,Monitor fantasma,jXV1hvQxvDU,2024-10-26T21:23:32Z,La paradoja del conocimiento: ¿Cómo sabes que sabes?,17575,2081,168,PT11M28S
2026-03-30 19:16:40,Monitor fantasma,0v12tOVccSk,2024-10-21T22:57:42Z,7 Frases que delatan a los débiles de mente,34342,3307,107,PT12M11S
2026-03-30 19:16:40,Monitor fantasma,JxU1VApOdUY,2024-10-18T12:00:22Z,Schopenhauer: ¿Qué es ser un hombre de bien?,14894,1506,75,PT12M21S
2026-03-30 19:16:40,Monitor fantasma,6TY07qC1B5s,2024-10-13T05:41:21Z,La permanencia del objeto,10138,1107,55,PT9M7S
2026-03-30 19:16:40,Monitor fantasma,HPmcOvGAzGE,2024-10-07T22:46:18Z,Las 6 Filosofías MÁS FALSAS que son una estafa,64889,4520,515,PT11M12S
2026-03-30 19:16:40,Monitor fantasma,Mcd9gFjItmM,2024-10-05T03:47:59Z,El estatus te está matando,31362,3248,188,PT11M23S
2026-03-30 19:16:40,Monitor fantasma,yiz-MBvvYEE,2024-09-30T02:36:52Z,Solo los tontos escuchan esta música | Filosofía,128556,11568,2078,PT11M25S
2026-03-30 19:16:40,Monitor fantasma,y6lwus2RzXw,2024-09-27T17:17:31Z,El Tao Te Ching (Dàodé jīng) | Reseña (resumen) del libro,14307,1302,73,PT10M46S
2026-03-30 19:16:40,Monitor fantasma,hPSYc6Uyi5c,2024-09-23T13:44:53Z,La TV está PEOR que nunca... y es una BUENA noticia,33012,3067,287,PT11M47S
2026-03-30 19:16:40,Monitor fantasma,rbv2y5JnNQs,2024-09-17T20:34:43Z,SUBVENCIONAR al artista no es sinónimo de desarrollo,20952,1973,281,PT10M53S
2026-03-30 19:16:40,Monitor fantasma,zt38Y9kxI4E,2024-09-14T02:44:03Z,¿MAQUIAVELO Se arrepintió de escribir EL PRÍNCIPE?,9675,1018,34,PT10M46S
2026-03-30 19:16:40,Monitor fantasma,74Zfzx0gFxg,2024-09-10T13:54:44Z,No hagas estas 5 COSAS y tu vida mejorará,46704,5315,266,PT10M24S
2026-03-30 19:16:40,Monitor fantasma,6bTRdZtsHg4,2024-09-07T05:40:14Z,Apoyar a MADURO es una incompatibilidad lógica,31900,4088,876,PT9M45S
2026-03-30 19:16:40,Monitor fantasma,UQtSdX8NwHE,2024-09-03T12:00:26Z,Te voy a SPOILEAR el futuro 🚀📴,37356,3066,254,PT11M37S
2026-03-30 19:16:40,Monitor fantasma,G6WpyiwNsvw,2024-08-31T20:40:24Z,¿Qué es capacitismo?,14361,1678,121,PT11M31S
2026-03-30 19:16:40,Monitor fantasma,ynvunlU0laI,2024-08-28T02:16:25Z,El imperativo categórico en La lista Schindler,12112,1299,76,PT11M3S
2026-03-30 19:16:40,Monitor fantasma,tKNRkmiT3Io,2024-08-24T23:19:37Z,"Nietzsche: ""El abismo te devuelve la mirada""",26167,2504,97,PT10M36S
2026-03-30 19:16:40,Monitor fantasma,QmNjinvPmpU,2024-08-22T23:49:41Z,Pesimismo aplicado: Tu OPTIMISMO apesta,21084,2145,114,PT10M33S
2026-03-30 19:16:40,Monitor fantasma,MkD35ZNYIQg,2024-08-21T03:16:55Z,El libro que REDEFINIÓ la mediocridad humana,60548,3843,200,PT10M55S
2026-03-30 19:16:40,Monitor fantasma,UwxDJGZJL9I,2024-08-20T03:14:24Z,El dinero 💸 NO resuelve problemas 🚫,17737,2035,236,PT10M12S
2026-03-30 19:16:40,Monitor fantasma,Xa_CrLOCEqg,2024-08-12T09:52:45Z,¿Eres un agente del Caos? El Joker y el síndrome del Hacker,13000,1437,93,PT11M48S
2026-03-30 19:16:40,Monitor fantasma,27uv6zWR-xU,2024-08-04T12:00:04Z,¿Qué es una IDEA? 💡🤔,11289,1120,56,PT10M35S
2026-03-30 19:16:40,Monitor fantasma,83uIr3JH3Vc,2024-07-31T10:34:08Z,Roro y la (supuesta) polémica TradWife,34985,3367,379,PT9M31S
2026-03-30 19:16:40,Monitor fantasma,-dP-_7oFb2o,2024-07-24T12:00:00Z,¿Eres un verdadero fan de la filosofía?,14330,1530,150,PT10M48S
2026-03-30 19:16:40,Monitor fantasma,PEBFe-LPLqQ,2024-07-20T12:00:23Z,"Men At Work,  Emil Cioran y la lucidez vertiginosa",13269,1378,101,PT11M52S
2026-03-30 19:16:40,Monitor fantasma,62u7KFf43x0,2024-07-15T12:00:12Z,Asimov: El culto a la ignorancia,447903,29302,2833,PT12M59S
2026-03-30 19:16:40,Monitor fantasma,ULMmlGDknAs,2024-07-10T00:32:30Z,NO busques el SENTIDO de la vida,28311,2683,196,PT10M33S
2026-03-30 19:16:40,Monitor fantasma,XnXwZ4zseEA,2024-07-04T12:00:39Z,La infantilización de la sociedad,83191,7148,790,PT11M36S
2026-03-30 19:16:40,Monitor fantasma,4I9JO9R4As0,2024-07-02T12:00:05Z,7 DEBATES que marcaron la Filosofía,16074,1248,73,PT14M59S
2026-03-30 19:16:40,Monitor fantasma,Dvi-zLImEcc,2024-06-24T11:03:35Z,¿Podría vivir toda la humanidad en una sola ciudad?,10059,965,124,PT14M29S
2026-03-30 19:16:40,Monitor fantasma,Jz-zkFTZhR4,2024-06-22T04:18:39Z,"Más allá del meme: Chomsky, sus principales ideas",14435,1385,71,PT11M26S
2026-03-30 19:16:40,Monitor fantasma,9BBr8ckVbJA,2024-06-18T11:00:16Z,La vida es un videojuego,10355,1098,91,PT12M42S
2026-03-30 19:16:40,Monitor fantasma,cuiMT_c5Yt8,2024-06-13T11:00:29Z,¿Qué existe? El debate filosófico más importante,21786,1849,170,PT13M34S
2026-03-30 19:16:40,Monitor fantasma,jUoRuQ7FT_A,2024-06-08T13:00:46Z,7 Pesimistas que no son Schopenhauer,14492,1357,124,PT11M12S
2026-03-30 19:16:40,Monitor fantasma,EKb_qnwcig0,2024-06-04T14:00:15Z,"Los 'no me baño', el cinismo y Diógenes de Sinope",11419,1309,120,PT11M31S
2026-03-30 19:16:40,Monitor fantasma,Tnvz2hhx-b0,2024-06-01T23:41:17Z,El libro de filosofía más devastador,34415,3057,254,PT13M25S
2026-03-30 19:16:40,Monitor fantasma,MWTI2qd3DOs,2024-05-29T01:43:40Z,Filosofía que DOMINAS sin saber filosofía,19245,1601,102,PT13M59S
2026-03-30 19:16:40,Monitor fantasma,L0SIkNJwZ5M,2024-05-24T02:12:19Z,El libro más corrosivo jamás escrito,32645,2296,179,PT13M55S
2026-03-30 19:16:40,Monitor fantasma,CAI9QvgfAek,2024-05-19T14:00:07Z,7 Filosofías muy perturbadoras,41028,3415,262,PT12M46S
2026-03-30 19:16:40,Monitor fantasma,F3_ZvT1bEYk,2024-05-15T16:29:47Z,El espíritu de la clase media,17321,1778,203,PT15M17S
2026-03-30 19:16:40,Monitor fantasma,6wvGLiDGJjc,2024-05-13T22:33:57Z,Hegel: ¿Qué es el espíritu absoluto?,27810,1734,136,PT13M1S
2026-03-30 19:16:40,Monitor fantasma,53fcWfOur8E,2024-05-06T14:00:04Z,Cuando la CIENCIA humilló a la FILOSOFÍA,57192,4094,474,PT11M25S
2026-03-30 19:16:40,Monitor fantasma,9Q-Pw6OeuOo,2024-05-04T01:43:25Z,Los 7 libros de filosofía más DIFÍCILES de comprender,107798,6198,397,PT12M23S
2026-03-30 19:16:40,Monitor fantasma,cHIIKDvrQ7I,2024-05-02T03:15:06Z,Por qué la filosofía puede ser la carrera del futuro,68995,4984,347,PT17M51S
2026-03-30 19:16:40,Monitor fantasma,GFCRKuvcTxg,2024-04-29T03:38:51Z,Jacques Lacan: El deseo y el sentimiento de culpa,34236,2300,90,PT11M15S
2026-03-30 19:16:40,Monitor fantasma,lgmlkxG_Tfc,2024-04-23T01:24:12Z,El síndrome del rey desnudo ¿Por qué elegimos ser estúpidos?,28206,2685,151,PT10M51S
2026-03-30 19:16:40,Monitor fantasma,ofVLVaESqH8,2024-04-18T14:00:41Z,Esta película de Chaplin nos revela algo muy turbio,12027,1427,81,PT9M38S
2026-03-30 19:16:40,Monitor fantasma,TXSvm4QZzCo,2024-04-14T13:00:20Z,El diagrama de la felicidad: desde Coelho hasta Nietzsche,27539,2151,158,PT15M57S
2026-03-30 19:16:40,Monitor fantasma,J-8TumPxoSQ,2024-04-12T09:37:40Z,¡Deja de llamar tóxico a todo!,16158,1842,115,PT13M33S
2026-03-30 19:16:40,Monitor fantasma,gNdZhAGKtZA,2024-04-08T23:58:25Z,La paradoja de Bentham y el utilitarismo filosófico,12449,1195,94,PT11M41S
2026-03-30 19:16:40,Monitor fantasma,K3vavcC_Ty0,2024-04-06T01:42:25Z,La Sociedad del Cansancio de Byung-Chul Han,89051,7477,531,PT15M29S
2026-03-30 19:16:40,Monitor fantasma,gooctxFfKR4,2024-04-02T23:32:40Z,Las 10 Red Flags que indican pensamiento de rebaño,36542,3648,301,PT11M56S
2026-03-30 19:16:40,Monitor fantasma,fEsqx4xHmoI,2024-04-01T02:02:50Z,El universo según Aristóteles,11121,921,79,PT14M13S
2026-03-30 19:16:40,Monitor fantasma,WsHq3FwhF2o,2024-03-28T19:09:02Z,¿La buena vida es cara? Respuesta a Jaime Bayly,46802,3985,326,PT13M47S
2026-03-30 19:16:40,Monitor fantasma,YECLo_OoCmU,2024-03-26T03:38:56Z,8 Libros de filosofía FÁCILES  de leer y disfrutar,40642,3332,129,PT12M24S
2026-03-30 19:16:40,Monitor fantasma,MNa-zX8JkcU,2024-03-20T23:58:54Z,ChatGpt vs Copilot: IAs debaten sobre el bien y el mal,12280,0,0,PT15M51S
2026-03-30 19:16:40,Monitor fantasma,JveCh_XBKzk,2024-03-17T01:11:47Z,"Ryan Gosling, Ken y la Masculinidad sintética",30657,3273,214,PT11M5S
2026-03-30 19:16:40,Monitor fantasma,LJgyxQmw_dg,2024-03-13T10:00:15Z,¿Se puede MANIPULAR a cualquier persona?,17113,1692,107,PT13M27S
2026-03-30 19:16:40,Monitor fantasma,l_O1XQl-4j8,2024-03-10T13:00:45Z,¿Por qué los protestantes son más ricos que los católicos?,27865,2487,540,PT12M8S
2026-03-30 19:16:40,Monitor fantasma,_IMe_IpJGEE,2024-03-08T13:00:28Z,Los 7 pleitos filosóficos más famosos,23915,2006,147,PT11M29S
2026-03-30 19:16:40,Monitor fantasma,jsPXtvpl0ZY,2024-03-05T13:00:38Z,Cuando la RELIGIÓN intentó bajarse la CIENCIA ⛪🧪,17026,1781,285,PT13M57S
2026-03-30 19:16:40,Monitor fantasma,bNf1k_OqyT0,2024-03-04T13:00:36Z,La teoría de los tres mundos de Karl Popper,15419,1363,75,PT12M13S
2026-03-30 19:16:40,Monitor fantasma,1QFi_ZTZ0z4,2024-03-01T02:57:35Z,Filosofía vs. Ideología: diferencias y similitudes,17784,1935,138,PT11M39S
2026-03-30 19:16:40,Monitor fantasma,2hreOCKRRuA,2024-02-27T02:28:32Z,Qué es el humor y cuáles son sus límites,19819,1960,161,PT15M26S
2026-03-30 19:16:40,Monitor fantasma,n-4YNGCLp_g,2024-02-24T21:43:36Z,Heidegger: Entre el existencialismo y el nazismo,8580,916,47,PT12M15S
2026-03-30 19:16:40,Monitor fantasma,n1dTLlMWIw0,2024-02-21T13:00:48Z,Jürgen Habermas en 10 minutos  Filosofía,29683,1912,109,PT12M12S
2026-03-30 19:16:40,Monitor fantasma,t-8zZa_Y6AY,2024-02-18T22:41:39Z,8 Hechos y verdades curiosas sobre la FILOSOFÍA,13359,1316,78,PT10M43S
2026-03-30 19:16:40,Monitor fantasma,rVCYR-dL_WA,2024-02-16T00:30:09Z,Apología a la TIBIEZA,20133,2425,350,PT11M52S
2026-03-30 19:16:40,Monitor fantasma,ZwIy-QsPv6E,2024-02-11T23:39:38Z,La paradoja de ser políticamente correcto,18890,2084,179,PT12M10S
2026-03-30 19:16:40,Monitor fantasma,oEHtpUbboTk,2024-02-08T22:49:41Z,"¿Por qué Gorgias decía que ""nada existe""?",16694,1318,135,PT11M10S
2026-03-30 19:16:40,Monitor fantasma,eKHhhKRFUv4,2024-02-04T23:08:43Z,Vives en una prisión y NO te has enterado,15482,0,0,PT10M9S
2026-03-30 19:16:40,Monitor fantasma,TYJrSiQRPNY,2024-02-02T01:47:30Z,Nietzsche: Cómo llegar a ser el superhombre,12761,1183,73,PT9M31S
2026-03-30 19:16:40,Monitor fantasma,M0bWO_XVQkM,2024-01-29T23:30:03Z,Cómo enfrentarse a un tonto de manera inteligente,19316,1816,134,PT11M18S
2026-03-30 19:16:49,HugoX ChugoX,xJ8cFc5WWjo,2026-03-28T11:34:28Z,Entrevista a ISAAC HUMALA | CICLO DE ENTREVISTAS 2026,6483,368,112,PT1H7M56S
2026-03-30 19:16:49,HugoX ChugoX,jhNKx0_s8Sw,2026-03-28T08:56:05Z,Entrevista KATIA HUMALA TASSO | CICLO DE ENTREVISTAS 2026,4497,248,58,PT57M41S
2026-03-30 19:16:49,HugoX ChugoX,rUwSfxJCGOI,2026-03-27T01:58:46Z,El colapso de nuestras ciudades y la solución que ningún político te cuenta,34110,1891,278,PT6M53S
2026-03-30 19:16:49,HugoX ChugoX,S_Kea8j38fQ,2026-03-26T17:45:07Z,RESUMEN 3RA FECHA DEBATE PRESIDENCIAL 2026,65471,2099,330,PT19M45S
2026-03-30 19:16:49,HugoX ChugoX,JSdJhKjC5BA,2026-03-25T19:00:06Z,RESUMEN 2DA FECHA DEBATE PRESIDENCIAL 2026,59913,2227,471,PT25M17S
2026-03-30 19:16:49,HugoX ChugoX,0RhPhP1cTj4,2026-03-24T23:15:06Z,RESUMEN DEBATE PRESIDENCIAL 2026 - PARTE I,107053,4509,473,PT16M15S
2026-03-30 19:16:49,HugoX ChugoX,5REjd1h0LFM,2026-03-24T04:48:07Z,Entrevista MESÍAS GUEVARA | CICLO DE ENTREVISTAS 2026,1930,138,26,PT1H12M52S
2026-03-30 19:16:49,HugoX ChugoX,KLWPqEPMPw8,2026-03-21T09:28:55Z,"Entrevista a Narescka Culqui de ""Libertad Popular"" | Ciclo de entrevistas 2026",2975,141,16,PT1H16M47S
2026-03-30 19:16:49,HugoX ChugoX,gXiNM0W_NDw,2026-03-19T23:30:06Z,LA SELVA ES CLAVE: BRASIL PIDE AL PERÚ SALIDA AL PACÍFICO,91354,4307,656,PT18M51S
2026-03-30 19:16:49,HugoX ChugoX,WapGPR-5rjs,2026-03-18T07:46:01Z,Ciclo de entrevistas 2026: David García y Carlos Silva,1098,43,6,PT1H14M40S
2026-03-30 19:16:49,HugoX ChugoX,-q8vsX1CyEY,2026-03-18T05:50:17Z,Entrevista MARISOL PÉREZ TELLO | CICLO DE ENTREVISTAS 2026,4525,343,87,PT57M55S
2026-03-30 19:16:49,HugoX ChugoX,7QATDNnXpv0,2026-03-14T03:15:07Z,GAS DE CAMISEA NO SERÁ PARA SIEMPRE,108787,4081,781,PT15M37S
2026-03-30 19:16:49,HugoX ChugoX,f12h_MdTOjg,2026-03-05T17:00:06Z,GAS DE CAMISEA: TODO LO QUE NECESITAS SABER,360761,14602,2031,PT15M26S
2026-03-30 19:16:49,HugoX ChugoX,LgmsWXyaJz8,2026-03-03T21:15:06Z,Caso Lizeth Marzano - Adrián Villar: EXPLICACIÓN COMPLETA,123604,5356,509,PT16M10S
2026-03-30 19:16:49,HugoX ChugoX,g-_1rQkih6c,2026-02-28T03:18:59Z,¿CÓMO CONFIAR EN LAS INMOBILIARIAS EN 2026?,9737,520,18,PT11M2S
2026-03-30 19:16:49,HugoX ChugoX,T6F8l87G3Xw,2026-02-22T04:59:05Z,🦊La Cultura THERIAN 🐶¿Qué dice la CIENCIA al respecto?,16838,940,212,PT14M40S
2026-03-30 19:16:49,HugoX ChugoX,y2QKInW-Byc,2026-02-22T02:15:06Z,🇵🇪NIÑO COSTERO 2026💧el ORIGEN del desastre,105590,4517,403,PT14M3S
2026-03-30 19:16:49,HugoX ChugoX,glaRQnfykeM,2026-02-20T03:30:07Z,¿Quién es realmente José Balcázar y cómo afecta al Perú?,77826,3595,553,PT12M55S
2026-03-30 19:16:49,HugoX ChugoX,q9O1xN_qyaU,2026-02-18T03:15:00Z,Embarazo forzado y poder político: lo que no te contaron,9311,650,154,PT11M4S
2026-03-30 19:16:49,HugoX ChugoX,jS4t7JuzL08,2026-02-18T03:00:06Z,🇵🇪JOSÉ JERÍ: Resumen de su efímero gobierno y su caída ,88361,3480,472,PT12M
2026-03-30 19:16:49,HugoX ChugoX,HmE8ZM5ty8w,2026-02-16T17:45:00Z,TRUJILLO ES CLAVE Y TE DIRÉ POR QUÉ ,34608,1865,317,PT5M19S
2026-03-30 19:16:49,HugoX ChugoX,Clx4BzIuewE,2026-02-13T01:00:00Z,Breve Historia y Origen de la Diablada en Puno (Resumen),15861,760,366,PT13M17S
2026-03-30 19:16:49,HugoX ChugoX,faQdv9iZbLU,2026-02-11T00:30:06Z,"¿Qué país es dueño de la DIABLADA, CAPORALES, SAYA Y MORENADA?",125181,6443,3511,PT26M34S
2026-03-30 19:16:49,HugoX ChugoX,neBjaqCK-Zg,2026-01-25T01:30:07Z,🍜 CHIFAGATE: RESUMEN COMPLETO,28107,1605,172,PT11M9S
2026-03-30 19:16:49,HugoX ChugoX,lgT_jzixuWY,2026-01-18T03:00:07Z,"¿IRÁN PODRIA CONVERTIRSE EN UNA ""COREA DEL NORTE""?",20458,1079,151,PT11M38S
2026-03-30 19:16:49,HugoX ChugoX,ekOnNnUjWmA,2026-01-12T02:30:07Z,¿QUÉ PASA CON PETROPERÚ? ANÁLISIS DETALLADO DESDE CERO,44743,2157,581,PT12M47S
2026-03-30 19:16:49,HugoX ChugoX,u3InerqIsHI,2026-01-08T03:30:06Z,RESUMEN JUICIO A NICOLÁS MADURO. ¿Delcy Rodríguez lo traicionó?,66639,2903,327,PT12M49S
2026-03-30 19:16:49,HugoX ChugoX,2UYbYL8_agM,2026-01-04T01:15:07Z,EL FUTURO DE VENEZUELA. Resumen completo y cuán legitimo es la intervención de EE.UU.,153705,7094,932,PT13M17S
2026-03-30 19:16:49,HugoX ChugoX,YINDNUmxaXk,2026-01-01T01:45:06Z,LA TRAMPA DEL “REINFO” QUE CONSUME LA AMAZONÍA 🇵🇪,31557,1632,212,PT12M27S
2026-03-30 19:16:49,HugoX ChugoX,I9nXorsytKY,2025-12-27T12:00:06Z,El Caso JEFFREY EPSTEIN explicado desde cero,120335,4834,297,PT13M15S
2026-03-30 19:16:49,HugoX ChugoX,4hBL4rGyIDo,2025-12-20T04:00:07Z,¿El ISLAM invadió la Cultura Occidental? ¿Representa un Peligro?,40461,2235,2832,PT16M5S
2026-03-30 19:16:49,HugoX ChugoX,dS8c7ALp9II,2025-12-16T23:30:06Z,SUPER GRIPE H3N2: LO QUE NADIE TE CUENTA,110293,4662,778,PT13M7S
2026-03-30 19:16:49,HugoX ChugoX,XWBPhLd9yW8,2025-12-07T03:30:07Z,¿Es el CONGRESO el verdadero PODER del PERÚ 🇵🇪?,26363,1913,339,PT11M44S
2026-03-30 19:16:49,HugoX ChugoX,smjzS8LKbPg,2025-11-29T23:15:06Z,FLAMENGO y PALMEIRAS: increíble caos en Lima previo a la final de la Copa Libertadores,28782,1390,342,PT10M13S
2026-03-30 19:16:49,HugoX ChugoX,SRYdXs3g21w,2025-11-29T04:45:10Z,CASO PEDRO CASTILLO: DE LO COMPLEJO A LO AMBIGUO,47507,2327,664,PT11M44S
2026-03-30 19:16:49,HugoX ChugoX,tWAmLv8Mh-s,2025-11-27T05:30:37Z,¿Por que condenaron a Martín Vizcarra? Te resumo su caso,88956,3316,1018,PT10M26S
2026-03-30 19:16:49,HugoX ChugoX,RF2W43yECYE,2025-11-26T03:30:29Z,Necesito TÍTULO PROFESIONAL para DIVULGAR CIENCIA e HISTORIA,23472,1974,366,PT10M1S
2026-03-30 19:16:49,HugoX ChugoX,oR5dN8spen8,2025-11-24T23:00:06Z,La ONPE me invitó a la Franja Electoral y esto fue lo que pasó. ,45516,2622,406,PT14M3S
2026-03-30 19:16:49,HugoX ChugoX,HYci-O7KRz8,2025-11-22T04:15:07Z,TODO SOBRE LOS AGROQUÍMICOS. REGULACIÓN Y RIESGOS.,29800,2390,252,PT15M44S
2026-03-30 19:16:49,HugoX ChugoX,yuhjh44aMTQ,2025-11-15T02:30:06Z,🇵🇪🇲🇽 LA CONEXIÓN PERDIDA ENTRE PERÚ Y MÉXICO,98439,4621,969,PT14M20S
2026-03-30 19:16:49,HugoX ChugoX,M8crh0gNm3o,2025-11-05T23:45:07Z,🇵🇪 🇲🇽 PERÚ y MÉXICO ROMPEN RELACIONES POR UNA PERSONA,64314,3328,1042,PT12M43S
2026-03-30 19:16:49,HugoX ChugoX,M0OS0OUT3r4,2025-11-04T04:15:07Z,¿Por qué el Banco Central de Reserva del Perú es tan EXITOSO?,140369,7460,1104,PT11M31S
2026-03-30 19:16:49,HugoX ChugoX,nxttOtTH30c,2025-10-28T22:00:06Z,MEGAPUERTO DE CHANCAY POR DENTRO | Así funciona,44263,1929,167,PT12M17S
2026-03-30 19:16:49,HugoX ChugoX,vjSPu2q9qJQ,2025-10-20T18:00:57Z,Así te cambia la vida cuando accedes a tu primera vivienda,54404,2706,395,PT13M26S
2026-03-30 19:16:49,HugoX ChugoX,XfnWyjOZSwc,2025-10-16T08:00:40Z,MARCHA NACIONAL 15 de octubre. ¿Por qué marchan?,86020,4648,1759,PT15M38S
2026-03-30 19:16:49,HugoX ChugoX,pq_QDJJdHMw,2025-10-10T12:00:06Z,El final de Dina y el Primer Presidente milenial del Perú,303789,14349,2537,PT14M26S
2026-03-30 19:16:49,HugoX ChugoX,tiCffiTMDxQ,2025-10-01T12:45:06Z,🇲🇽🇵🇪 MÉXICO CONQUISTÓ PERÚ ...espera... ¿QUÉ?,105440,7260,4464,PT14M45S
2026-03-30 19:16:49,HugoX ChugoX,Sg04dVxbA_U,2025-09-27T23:00:06Z,"¿Por qué es muy RELEVANTE la captura del ""MONSTRUO""?",174776,6716,699,PT11M48S
2026-03-30 19:16:49,HugoX ChugoX,0Q_kEGjSO6I,2025-09-24T15:09:57Z,Encontré una CIUDAD FANTASMA en medio del desierto,199801,4148,480,PT10M4S
2026-03-30 19:16:49,HugoX ChugoX,zUfqDdTdqzY,2025-09-22T07:22:35Z,"Un policía me reconoce, me saluda pero me repliega tras unas rejas",64126,3506,1086,PT15M43S
2026-03-30 19:16:49,HugoX ChugoX,oaEXOqQvS-M,2025-09-15T05:26:01Z,Todo lo que necesitas saber sobre la LEY DE PENSIONES y AFP ,96461,3787,499,PT14M40S
2026-03-30 19:16:49,HugoX ChugoX,EJg1PCnrDlM,2025-09-10T23:30:06Z,💧¿EL FINAL DEL PROYECTO OLMOS? 🍋,38353,1485,171,PT29M51S
2026-03-30 19:16:49,HugoX ChugoX,wsLstrVu7UM,2025-08-30T23:30:06Z,🇵🇪 Perú se retira de la CIDH 🤷‍♂️ pero es retroactiva. Te lo explico,165636,9511,2622,PT18M19S
2026-03-30 19:16:49,HugoX ChugoX,vs6mQqPMn-A,2025-08-28T02:15:06Z,🇵🇪 HISTORIA TERRITORIAL DEL PERÚ | ✍️Curso completo gratuito,209090,6726,1592,PT24M45S
2026-03-30 19:16:49,HugoX ChugoX,7ifX2oiS9gc,2025-08-16T22:00:05Z,EL COLAPSO DE MACHU PICCHU,545475,22740,3429,PT19M24S
2026-03-30 19:16:49,HugoX ChugoX,ITv-WqmdU04,2025-08-10T00:30:06Z,Evolución de la Isla Chinería (Santa Rosa) a través de los años,140248,6196,1137,PT11M41S
2026-03-30 19:16:49,HugoX ChugoX,uzOm7e54RNM,2025-08-08T06:45:08Z,LETICIA Y SANTA ROSA (Parte 2) Explicación al detalle.,299671,17068,2679,PT14M40S
2026-03-30 19:16:49,HugoX ChugoX,Tp0O5PiCHF4,2025-08-07T02:45:06Z,💣¿QUÉ ESTÁ PASANDO en LETICIA y LORETO?🇵🇪🇨🇴 Te cuento la historia completa,683418,30733,4113,PT14M45S
2026-03-30 19:16:49,HugoX ChugoX,_ZAh-wctzSo,2025-08-04T03:15:06Z,Alquiler de Niños para fines de MENDIGUEZ en Perú,47381,3452,325,PT11M20S
2026-03-30 19:16:49,HugoX ChugoX,Tg7jE-HPUiU,2025-07-29T05:15:24Z,RESUMEN DEL MENSAJE A LA NACIÓN DE DINA BOLUARTE,273957,8998,935,PT11M19S
2026-03-30 19:16:49,HugoX ChugoX,fneUCtcJUqk,2025-07-24T04:55:18Z,LOS SÍMBOLOS DE LA PATRIA Y SU USO COMERCIAL,32125,2050,260,PT11M4S
2026-03-30 19:16:49,HugoX ChugoX,ERpt-epZCF4,2025-07-13T21:25:06Z,Minería Artesanal y su Problema de Fondo: las CONCESIONES OCIOSAS,68562,3725,434,PT14M6S
2026-03-30 19:16:49,HugoX ChugoX,wVacOt08tFg,2025-07-04T01:45:06Z,LLEGARON LOS TRENES DE PORKY,109223,5015,3157,PT11M52S
2026-03-30 19:16:49,HugoX ChugoX,EUu2DHfKRzw,2025-06-24T21:45:06Z,💥IRÁN vs ISRAEL y EE.UU.💣 Actualización: de una Tercera GUER®️🅰️ Mundial a un Alto al Fuego,64809,3115,209,PT10M35S
2026-03-30 19:16:49,HugoX ChugoX,X_0huTJNt38,2025-06-22T23:00:06Z,PJ suspende a Patricia Benavides | Cronología del Conflicto,11138,829,156,PT11M56S
2026-03-30 19:16:49,HugoX ChugoX,FlxV9g3Bvuc,2025-06-15T20:45:06Z,¿QUÉ EDIFICIOS RESISTEN TERREMOTOS Y CUÁLES NO?,77290,4130,378,PT13M13S
2026-03-30 19:16:49,HugoX ChugoX,8YqCwB-wi4I,2025-06-15T03:00:06Z,¿Por qué ISRAEL e IRÁN se odian? ¿Se viene la 3ra GUER®️🅰️ MUNDIAL?,320874,12375,1348,PT12M16S
2026-03-30 19:16:49,HugoX ChugoX,U23w-mJ5_pk,2025-06-14T03:30:06Z,Telefónica fue regalada en S/3.7 millones con una deuda de S/3000 millones. Breve cronología,62471,2359,691,PT11M56S
2026-03-30 19:16:49,HugoX ChugoX,5SyEztK6Ysw,2025-06-05T23:00:06Z,¡ALARMANTE! Así MUTILARON el ÁREA de RESERVA de las LÍNEAS DE NASCA,41725,2486,422,PT11M27S
2026-03-30 19:16:49,HugoX ChugoX,XejOkiCvtxE,2025-06-01T01:30:06Z,Antiguo Aeropuerto Jorge Chávez cerrará para siempre ¿Por que no usarlo como ampliación?,89758,3164,520,PT11M43S
2026-03-30 19:16:49,HugoX ChugoX,2YOsp4I8zVw,2025-05-24T03:15:06Z,🇵🇪 NO ES FÁCIL SER MOTOCICLISTA EN PERÚ,36705,1963,342,PT13M40S
2026-03-30 19:16:49,HugoX ChugoX,4ewkWXhjzCg,2025-05-18T03:30:06Z,PERÚ comprará 24 AVIONES CAZA (por si acaso),360638,8669,2364,PT16M11S
2026-03-30 19:16:49,HugoX ChugoX,juPR4w-HRhk,2025-05-09T19:15:02Z,El camino de ROBERT PREVOST al sillón papal y cómo desmintieron sus acusaciones de encubrimiento,84687,3632,796,PT12M49S
2026-03-30 19:16:49,HugoX ChugoX,8za5qGXYtGA,2025-05-03T01:15:06Z,🇵🇪 ¿PERÚ CONSUME AGUA CON 💩? TE EXPLICO,66299,3317,535,PT16M6S
2026-03-30 19:16:49,HugoX ChugoX,ucfa5DV4HbU,2025-04-24T23:00:06Z,DUDAS SOBRE EL PROYECTO OLMOS,17193,714,57,PT10M57S
2026-03-30 19:16:49,HugoX ChugoX,vk28I5DOWcI,2025-04-24T01:30:06Z,ELEFANTES BLANCOS en Lima. La historia del Edificio de Tacna con Emancipación,137220,4381,341,PT13M3S
2026-03-30 19:16:49,HugoX ChugoX,anup7t5OoDY,2025-04-17T02:45:06Z,EL SALVOCONDUCTO ¿QUÉ ES Y CÓMO FUNCIONA?,61894,2861,335,PT10M9S
2026-03-30 19:16:49,HugoX ChugoX,iYnBqOyJhbA,2025-04-09T03:30:06Z,Restos del Hijo de Tupac Amaru retornaron al Perú pero son “Restos Simbólicos”,43922,2417,391,PT10M22S
2026-03-30 19:16:49,HugoX ChugoX,SZqEDeblBm4,2025-04-08T02:15:06Z,¿EL FIN DE LAS LLAMADAS SPAM? Nueva Ley las prohíbe pero no es suficiente,159220,6954,640,PT18M2S
2026-03-30 19:16:49,HugoX ChugoX,ku_lbG6UeEk,2025-04-04T04:15:06Z,¿Y EL TLC DÓNDE ESTÁ?,105680,6131,584,PT12M30S
2026-03-30 19:16:49,HugoX ChugoX,uVU9LMXT1Ys,2025-03-30T13:09:41Z,¿Qué es el SUERO FISIOLÓGICO y quién es el responsable de las mu3rt3s?,47238,3427,313,PT10M41S
2026-03-30 19:16:49,HugoX ChugoX,hXPNekLN1s0,2025-03-29T03:00:06Z,Cómo entender la crisis en Bolivia ¿Se viene migración al Perú?,363838,11031,4968,PT16M29S
2026-03-30 19:16:49,HugoX ChugoX,t096yZBFMZA,2025-03-19T05:00:44Z,NUEVO ESTADO DE EMERGENCIA ¿Sirve de algo? ¿En qué consiste?,55382,3669,581,PT14M9S
2026-03-30 19:16:49,HugoX ChugoX,5QXLeKTcJYc,2025-03-14T00:00:06Z,💧EL PROYECTO OLMOS EXPLICADO 🍋 DOCUMENTAL,260704,7691,696,PT23M16S
2026-03-30 19:16:49,HugoX ChugoX,ssNotMOadts,2025-03-09T23:00:06Z,✈️TODO SOBRE EL NUEVO AEROPUERTO JORGE CHAVEZ DE LIMA 🇵🇪,124527,5379,662,PT12M33S
2026-03-30 19:16:49,HugoX ChugoX,KY6eRNLcXQU,2025-02-26T03:15:06Z,👊🏽CLAUSURA MASIVA de Centros Comerciales en PERÚ🇵🇪 | Caída de techo sería HOMICIDIO CALIFICADO,114772,6546,683,PT15M10S
2026-03-30 19:16:49,HugoX ChugoX,7NdswlSuoqw,2025-02-19T08:30:04Z,A propósito del caso Curwen Vs Zeein...,118856,9164,1761,PT12M1S
2026-03-30 19:16:49,HugoX ChugoX,ycBPlY2Ii7Y,2025-02-16T02:30:06Z,PERÚ ES CLAVE ¿Por qué usan el Sol Peruano como moneda de cambio en otros países?,278339,10382,2312,PT11M35S
2026-03-30 19:16:49,HugoX ChugoX,IdYdVhLaP1Y,2025-02-11T04:15:00Z,¿PARA QUÉ SIRVEN LOS ARANCELES Y POR QUÉ ES MALA IDEA APLICARLOS? El impacto de las medidas de Trump,99048,3833,420,PT13M7S
2026-03-30 19:16:49,HugoX ChugoX,_TBVBqwrSN8,2025-02-03T01:15:06Z,Top: Las 7 VERDADES OCULTAS más insólitas de la Historia del PERÚ,68746,3478,220,PT17M55S
2026-03-30 19:16:49,HugoX ChugoX,XtI_v2jYUPc,2025-01-22T05:00:33Z,Estatua de Francisco Pizarro en Lima ¿es en realidad Hernán Cortés?,41236,2198,1106,PT12M48S
2026-03-30 19:16:49,HugoX ChugoX,jt0aCQnq3h8,2025-01-09T05:23:49Z,¿Y SI EL ANTICUCHO NO ES PERUANO?,113100,5463,2122,PT18M16S
2026-03-30 19:16:49,HugoX ChugoX,xFBHelId43o,2024-12-25T03:45:06Z,PR0STITUCI0N EN EL CONGRESO DE PERÚ | La historia completa en un video,475396,20177,2522,PT13M13S
2026-03-30 19:16:49,HugoX ChugoX,-DOCS5lxzWk,2024-12-22T18:00:06Z,VAPEAR VS FUM4R | Nueva Ley prohíbe vapear en lugares públicos,42795,2760,261,PT10M58S
2026-03-30 19:16:49,HugoX ChugoX,3QUnze0cLRo,2024-12-07T04:00:06Z,¿QUÉ ES LA APROPIACIÓN CULTURAL? Caso Anis Samanez VS Shipibo-Konibo,78040,5535,1247,PT13M48S
2026-03-30 19:16:49,HugoX ChugoX,oSAly2oo3N8,2024-12-04T04:15:06Z,LLEGÓ LA PLACA DEL MILLÓN 🥇,19585,2937,492,PT15M56S
2026-03-30 19:16:49,HugoX ChugoX,9Elw9RydzoU,2024-11-24T22:30:06Z,🇷🇺 En esta Universidad de Rusia enseñan en Español 🇪🇦,21447,1184,227,PT16M49S
2026-03-30 19:16:49,HugoX ChugoX,zLJt3g2a8Ec,2024-11-16T01:10:06Z,¿SIRVE DE ALGO EL APEC? | Protestas durante APEC,84153,5402,842,PT11M17S
2026-03-30 19:16:49,HugoX ChugoX,ECx9okihuE0,2024-11-12T00:30:06Z,🇵🇪⚽ CASO FPF: RESUMEN COMPLETO,99559,5115,413,PT14M6S
2026-03-30 19:16:49,HugoX ChugoX,JaZQmmGgmec,2024-11-04T02:28:58Z,SECTA EXTRANJERA DESTRUYE  BOSQUES EN LA SELVA AMAZÓNICA,61977,3711,1140,PT10M4S
2026-03-30 19:16:49,HugoX ChugoX,NiaAD3A84Lo,2024-10-24T03:09:40Z,EN VIVO POR MI PRIMER MILLÓN EN YOUTUBE,16386,1516,146,PT1H52M50S
2026-03-30 19:16:49,HugoX ChugoX,1P-YwMpsvh8,2024-10-18T01:00:06Z,48 HORAS EN LA CAPITAL CULTURAL DE RUSIA 🇷🇺 | San Petersburgo,29320,1764,188,PT25M51S
2026-03-30 19:16:49,HugoX ChugoX,sbHEKn05KS4,2024-10-01T04:10:07Z,La Verdad sobre los Barcos Chinos en el Mar Peruano,179124,10693,2160,PT10M24S
2026-03-30 19:16:49,HugoX ChugoX,M08iEu_05qI,2024-09-27T14:00:27Z,CUPOS A TRANSPORTISTAS. ¿Dónde comenzó y por que liberan a delincuentes?,271333,14577,1446,PT10M4S
2026-03-30 19:16:49,HugoX ChugoX,gbIxoreDo5o,2024-09-16T21:15:06Z,¿HASTA CUÁNDO VA A ARDER SUDAMÉRICA?,40487,2437,411,PT8M42S
2026-03-30 19:16:49,HugoX ChugoX,pHi5eT7ZlUY,2024-09-11T23:00:06Z,👉 Logré entrar a RUSIA en medio del Conflicto💥 ¿Cómo venir a estudiar aquí?,96710,5087,1134,PT23M30S
2026-03-30 19:16:49,HugoX ChugoX,W5cuUwBG6FE,2024-09-03T00:39:23Z,Rumbo a Rusia 🇷🇺 | 50 horas de viaje hasta Estonia 🇪🇪 y 104 horas hasta San Petersburgo,65326,3373,678,PT22M53S
2026-03-30 19:16:49,HugoX ChugoX,7or1K7r_A9w,2024-08-21T02:45:00Z,Mi Momento ha llegado 🇷🇺 💥,65187,4511,1255,PT15M18S
2026-03-30 19:16:49,HugoX ChugoX,j-l3u46nko4,2024-08-21T00:30:06Z,OTRA VEZ LA V1RUELA DEL MONO. Nueva Emergencia de Salud Global,40135,2960,184,PT12M59S
2026-03-30 19:16:49,HugoX ChugoX,3FHZ5rXBCZk,2024-08-14T23:00:07Z,🏍️El lado oscuro de las Motos y Bicimotos Eléctricas ¿Son realmente ecológicas? ¿Necesitas licencia?,224382,7330,625,PT12M57S
2026-03-30 19:16:49,HugoX ChugoX,hJXZEmYz5ms,2024-08-03T18:00:30Z,"El Desalojo más Grande de la Historia, el Triste Caso del Archivo General de la Nación.",27169,2243,229,PT5M3S
2026-03-30 19:16:49,HugoX ChugoX,3i2VLNffOvc,2024-08-02T12:30:02Z,"#paris2024  La Biología de Imane Khelif ¿Transgénero, Mujer o Hermafrodita?",44164,2538,1039,PT8M5S
2026-03-30 19:16:49,HugoX ChugoX,k2LQtaXe_Uw,2024-07-26T02:00:06Z,LA INSÓLITA HISTORIA DEL FONAVI 🏡. Así liquidaron el Fondo de Vivienda,35067,2392,167,PT11M38S
2026-03-30 19:16:49,HugoX ChugoX,i3ts2K0cOWo,2024-07-13T03:45:07Z,💰 ASÍ FUE LA ESTAFA PIRAMIDAL MÁS GRANDE DE LATINOAMÉRICA: EL CLAE 💸😭,271793,12686,938,PT12M4S
2026-03-30 19:16:49,HugoX ChugoX,W3vnU_k9Cv4,2024-07-08T00:00:15Z,✈️ TODOS LOS ACClDENTE5 AÉREOS DEL PERÚ 🇵🇪 (1925-2024),155321,5143,326,PT13M43S
2026-03-30 19:16:49,HugoX ChugoX,ZVuLknSB2fw,2024-06-24T23:15:06Z,✈️ ¿POR QUÉ FUJIMORI VIAJÓ A CHILE EN 2005? 🇯🇵🇨🇱,615442,24375,2096,PT16M46S
2026-03-30 19:16:49,HugoX ChugoX,CpHlbaxs7g0,2024-06-16T00:00:07Z,🚨EL FUERTE TERREMOTO QUE SE AVECINA PARA PERÚ💀,185525,8965,1035,PT13M56S
2026-03-30 19:16:49,HugoX ChugoX,GvCymuOGYA8,2024-06-07T04:15:07Z,¿Qué hacer ante una INTERVENCIÓN POLICIAL VEHICULAR?,347260,11131,928,PT13M59S
2026-03-30 19:16:49,HugoX ChugoX,ZCMsCm6EBK8,2024-05-28T04:30:06Z,ASÍ SON LAS ESTAFAS INMOBILIARIAS ¿Cómo evitarlas?,537032,27875,1224,PT15M6S
2026-03-30 19:16:49,HugoX ChugoX,BaBjCwAMz8U,2024-05-19T00:15:00Z,"¿QUÉ PASA SI VACAN A DINA? El Caso ""Los Waykis"" | breve resumen",49024,2848,377,PT10M2S
2026-03-30 19:16:49,HugoX ChugoX,6dCrGPxqrF4,2024-05-15T00:30:07Z,🚫 NO VAYAS AL EXTRANJERO A ESTUDIAR 🌎 🎓 SIN ANTES VER ESTE VIDEO,107548,7170,935,PT16M27S
2026-03-30 19:16:49,HugoX ChugoX,-xGzE0_sQDE,2024-05-04T02:00:07Z,"¿Personas TRANS son Enfermos Mentales? Historia de la real ""IDEOLOGÍA"" DE GÉNERO",58154,5245,1154,PT16M49S
2026-03-30 19:16:49,HugoX ChugoX,tMJKY63zPzw,2024-04-20T12:00:07Z,AFP 2024: ¿Cómo RETIRAR tu PLATA? VENTAJAS y DESVENTAJAS de hacerlo,121888,4882,595,PT12M32S
2026-03-30 19:16:49,HugoX ChugoX,b7co7L5oe8o,2024-04-15T12:00:07Z,¿El Ataque de IRÁN fue Espectáculo Mediático? ¿Cuáles serían los frentes de una 3ra Gerra Mundial?,112412,7166,717,PT10M26S
2026-03-30 19:16:49,HugoX ChugoX,y-tNsL3Ry2U,2024-04-07T01:00:07Z,RESUMEN COMPLETO DEL CASO ROLEX Y JOYAS DE DINA BOLUARTE,238765,11650,1004,PT11M8S
2026-03-30 19:16:49,HugoX ChugoX,nv6wy5wnros,2024-03-29T04:30:06Z,LOS DERECHOS HUMANOS SON UN MITO Y TE DIGO POR QUÉ,39545,3110,574,PT12M35S
2026-03-30 19:16:49,HugoX ChugoX,PMvRrIi7eEA,2024-03-16T22:00:06Z,"¿Qué ACEITE Debo Usar PARA COCINAR, y CUÁL EVITAR?🫒 🍶",302172,14955,1267,PT14M42S
2026-03-30 19:16:49,HugoX ChugoX,uiIk8RG3VDs,2024-03-10T04:45:07Z,CONGRESO DE LA REPÚ… QUE LO PARIÓ,49350,4413,961,PT13M58S
2026-03-30 19:16:49,HugoX ChugoX,9pJZhj5e-bU,2024-02-28T02:37:26Z,Escucho tus denuncias EN VIVO sobre Acoso Telefónico,24370,1197,81,PT1H22M6S
2026-03-30 19:16:49,HugoX ChugoX,30wXM10ajSw,2024-02-27T00:30:09Z,TE LLAMAN Y CUELGAN 📲 LA VERDAD,2195910,57420,3100,PT18M
2026-03-30 19:16:49,HugoX ChugoX,sCTq_Z_Wu_U,2024-02-14T03:45:11Z,EL MAYOR FRAUDE DE LA HISTORIA HUMANA,95361,6575,1006,PT12M50S
2026-03-30 19:16:49,HugoX ChugoX,uSwYveeVixQ,2024-02-01T02:30:07Z,"CARRAGENINA, TARTRAZINA Y GLUTAMATO MONOSÓDICO ¿Es dañino o no? El Video Definitivo",506990,26219,2197,PT29M18S
2026-03-30 19:16:49,HugoX ChugoX,05r-q9pwJ4w,2024-01-18T01:15:11Z,🍲El Cuentazo de las OLLAS QUIRURGICAS ⚕️Los mitos del TEFLÓN 🍳y la Roca Volcánica 🪨,987441,41229,4183,PT15M56S
2026-03-30 19:16:49,HugoX ChugoX,JHtCHMJbcK4,2024-01-11T00:30:10Z,💥El Origen del Conflicto Armado Interno del Ecuador 🇪🇨🚨,87521,5105,329,PT10M4S
2026-03-30 19:16:49,HugoX ChugoX,OARWQts6y98,2023-12-28T18:00:12Z,LLEVAMOS REGALOS A MÁS DE 100 NIÑOS Y ESTO FUE LO QUE PASÓ,34131,2670,286,PT12M11S
2026-03-30 19:16:49,HugoX ChugoX,xItB1ZBnvsI,2023-12-19T12:30:07Z,🌎 La Verdadera Mitad del Mundo y la Mentira del Efecto Coriolis 🌀 🌪️,32612,1863,220,PT11M6S
2026-03-30 19:16:49,HugoX ChugoX,eDEORZlpS60,2023-12-08T00:00:10Z,ESPECIAL: LA HISTORIA DEL INDULTO,107402,4770,931,PT15M40S
2026-03-30 19:16:49,HugoX ChugoX,ZEj8v-KNmgs,2023-11-30T02:15:09Z,CRONOLOGÍA COMPLETA DEL CASO PATRICIA BENAVIDES,103486,5543,626,PT11M38S
2026-03-30 19:16:49,HugoX ChugoX,zNY3htofs-Q,2023-11-20T02:45:07Z,La Estafa de los Purificadores de Agua y Filtros de Ósmosis inversa,1355792,44634,3737,PT16M40S
2026-03-30 19:16:49,HugoX ChugoX,JbdXiGx4acM,2023-11-07T03:45:09Z,"🔥 Todo Sobre el TREN DE ARAGUA 🚂🇻🇪, Los Gallegos, los Cupos en la Victoria y el Agustino🇵🇪",174021,9516,1219,PT15M53S
2026-03-30 19:16:49,HugoX ChugoX,Tmd2rbYKjcg,2023-11-02T01:15:09Z,¿SOMOS RESENTIDOS LOS PERUANOS?,61631,4749,1687,PT17M38S
2026-03-30 19:16:49,HugoX ChugoX,bxKGlO19Rh8,2023-10-24T12:45:11Z,¿SABES QUIÉN ES EL PERUANO MÁS IMPORTANTE DE LA HISTORIA?,20148,1340,449,PT11M59S
2026-03-30 19:16:49,HugoX ChugoX,GIXOka7I92Q,2023-10-11T04:00:12Z,🔥 Toda la HISTORIA entre ISRAEL y PALESTINA Desde Cero 🔥 🇯🇴 🇮🇱,761166,36738,3624,PT15M37S
2026-03-30 19:16:49,HugoX ChugoX,DFziUJL6DO4,2023-10-03T02:15:08Z,ASÍ ES LA CORBETA ESMERALDA POR DENTRO,45547,1330,208,PT10M14S
2026-03-30 19:16:49,HugoX ChugoX,WUaNyIMa89w,2023-09-24T02:45:10Z,"MITOS INCAICOS: Ama Sua, Ama Quella, Ama Llulla ...era FALSO?",68031,3476,472,PT11M31S
2026-03-30 19:16:57,El Robot de Platón,elHMxJi9hCU,2026-03-30T23:05:42Z,El Dilema de la Tierra PAPA,3031,701,146,PT16M4S
2026-03-30 19:16:57,El Robot de Platón,I5tCiFxXcWQ,2026-03-26T18:38:44Z,El Proyecto del Fin del Mundo,214634,14907,1185,PT22M19S
2026-03-30 19:16:57,El Robot de Platón,Ft-S4eBthc0,2026-03-23T18:03:40Z,Científicos Logran que Neuronas Jueguen DOOM,97354,7576,768,PT24M1S
2026-03-30 19:16:57,El Robot de Platón,QZkgGh57Xsc,2026-03-19T18:46:50Z,Podría Haber MILES DE MILLONES más en la Tierra,196206,11402,904,PT23M10S
2026-03-30 19:16:57,El Robot de Platón,Lm38zuWRatE,2026-03-14T18:38:17Z,¿Está Predicha la Tercera Guerra Mundial?,274127,17383,1501,PT23M49S
2026-03-30 19:16:57,El Robot de Platón,-fQOi2Uzvj0,2026-03-09T18:55:12Z,Esto Deberías Saber de Plutón,63704,7253,1321,PT18M34S
2026-03-30 19:16:57,El Robot de Platón,wyfbCVxiYOk,2026-03-05T18:49:26Z,Nos Estamos Quedando sin Cobre,309950,18318,1561,PT22M11S
2026-03-30 19:16:57,El Robot de Platón,yZgH-Yf3VtE,2026-02-27T18:01:16Z,Tu Teléfono... ¿Te Espía?,197640,13602,1423,PT21M13S
2026-03-30 19:16:57,El Robot de Platón,C6s6xhjD_Yk,2026-02-18T19:20:35Z,Por Qué Podríamos Estar Solos,687896,39638,4154,PT25M5S
2026-03-30 19:16:57,El Robot de Platón,J3YSL7S_-8U,2026-02-14T18:57:05Z,El Problema con los Chatbots de Compañía,166419,11204,1433,PT24M13S
2026-03-30 19:16:57,El Robot de Platón,6ClVgsVtAqA,2026-02-12T02:11:09Z,Qué está pasando con la IA,109882,6178,773,PT46M32S
2026-03-30 19:16:57,El Robot de Platón,X8Aj2l4ZLpU,2026-02-10T19:46:43Z,¡Tenemos Nuevo Super Telescopio!,251789,13391,713,PT22M55S
2026-03-30 19:16:57,El Robot de Platón,EhHoy7uGP1Q,2026-02-05T18:44:31Z,Las Edades Humanas Están Mal,275743,15053,956,PT22M22S
2026-03-30 19:16:57,El Robot de Platón,xsW3DkNbsnQ,2026-02-05T02:09:02Z,Se Posterga el Lanzamiento de Artemis II,43125,2338,273,PT48M7S
2026-03-30 19:16:57,El Robot de Platón,O1vzY2TRFcs,2026-01-26T19:46:25Z,Estamos Cerca de Simular un Cerebro,163851,10000,696,PT24M2S
2026-03-30 19:16:57,El Robot de Platón,wh-pS1_qnN4,2026-01-22T18:21:53Z,¿Por qué la Gente Parecía Más Vieja Antes?,500143,33959,2197,PT23M52S
2026-03-30 19:16:57,El Robot de Platón,ukWisPl2WAU,2026-01-19T18:40:24Z,¡Regresamos a la LUNA! Solo unos días nos separan de la Misión Artemis 2,631514,34639,3146,PT23M34S
2026-03-30 19:16:57,El Robot de Platón,RL1re5j_5qU,2026-01-16T18:09:23Z,Lo que se viene este 2026...,333665,19244,1378,PT20M41S
2026-03-30 19:16:57,El Robot de Platón,L6hEvM7gxlQ,2026-01-09T19:03:48Z,Cuánto Falta Para el Viaje Interestelar,607308,25045,1586,PT26M8S
2026-03-30 19:16:57,El Robot de Platón,sriVQMM3oCU,2026-01-05T19:11:08Z,Júpiterplanistas,265987,14281,998,PT22M41S
2026-03-30 19:16:57,El Robot de Platón,qJhjn4KmklI,2025-12-29T20:17:11Z,Por qué la Computación Cuántica es una MALA IDEA,444583,22427,1569,PT22M52S
2026-03-30 19:16:57,El Robot de Platón,N_S3JXD7b7k,2025-12-26T18:46:47Z,¿Qué es lo Más Pequeño que Hemos Construido?,213100,12684,928,PT21M23S
2026-03-30 19:16:57,El Robot de Platón,98gCafRglbM,2025-12-23T19:16:36Z,La Mujer que Midió el Problema que Cambió la Cosmología para Siempre,56327,5783,709,PT28M47S
2026-03-30 19:16:57,El Robot de Platón,mDn3iITQ5cA,2025-12-18T19:23:51Z,¿Qué le Sigue al Internet?,506808,27720,2327,PT24M45S
2026-03-30 19:16:57,El Robot de Platón,3CguvqBMnrw,2025-12-11T20:11:48Z,¿Puede la Física Cuántica Explicar el Más Allá?,356990,19435,2053,PT24M19S
2026-03-30 19:16:57,El Robot de Platón,0XBkzsTgakg,2025-12-05T22:14:10Z,La NASA hace Anuncio Impresionante Sobre el Origen de la Vida,576914,28940,2234,PT19M42S
2026-03-30 19:16:57,El Robot de Platón,5nC91J1FP8U,2025-12-03T22:16:35Z,"Por los 3 Millones me como un pan con jamón en vivo, aunque bueno, el jamón ya fue",27587,3372,311,PT45M31S
2026-03-30 19:16:57,El Robot de Platón,-kGjnN5INHQ,2025-12-01T21:59:21Z,¿Por Qué el Espacio es Negro si Hay Tantas Estrellas?,162326,16933,1833,PT8M44S
2026-03-30 19:16:57,El Robot de Platón,L6iP7RFlTPY,2025-11-27T20:41:41Z,Google Publica Estudio que Podría Cambiar la IA PARA SIEMPRE,637793,31010,2565,PT23M22S
2026-03-30 19:16:57,El Robot de Platón,w_8g-z_yyN4,2025-11-21T19:12:47Z,La Trágica Historia del Transbordador Soviético,244067,11596,703,PT22M22S
2026-03-30 19:16:57,El Robot de Platón,AEZEEBzwETE,2025-11-20T00:49:44Z,La NASA Publica Nuevas Fotos de 3I/ATLAS,81133,4083,507,PT45M18S
2026-03-30 19:16:57,El Robot de Platón,qPRprnxzAYY,2025-11-17T19:35:06Z,Dos Astrónomos de Harvard dicen que 3I/ATLAS NO son ALIENS,65364,5746,837,PT18M1S
2026-03-30 19:16:57,El Robot de Platón,tDbsaCwyBdI,2025-11-14T19:09:42Z,¿Por qué NO SE PUEDE VER el BIG BANG?,331851,18814,1166,PT21M39S
2026-03-30 19:16:57,El Robot de Platón,8fCdnzGrJ3I,2025-11-10T21:14:32Z,¿Estamos al Borde de una Nueva Extinción?,796841,29863,2759,PT23M16S
2026-03-30 19:16:57,El Robot de Platón,VfDZ2vdc5YI,2025-11-03T18:53:32Z,Lo ÚLTIMO de 3I/ATLAS,735651,40391,3120,PT23M25S
2026-03-30 19:16:57,El Robot de Platón,LDx5Mt87vi4,2025-10-30T19:15:40Z,Los Apocalipsis Desconocidos,335372,17268,828,PT24M31S
2026-03-30 19:16:57,El Robot de Platón,bwG_kJpI7-c,2025-10-23T21:31:08Z,¿Seguiremos Avanzando Exponencialmente?,283789,17159,1799,PT21M28S
2026-03-30 19:16:57,El Robot de Platón,qpV2EOvgBUw,2025-10-16T22:47:32Z,Los OVNIS que ya HAN SIDO Explicados,526323,27323,3593,PT24M29S
2026-03-30 19:16:57,El Robot de Platón,XRRWXjl2ueA,2025-10-09T23:07:04Z,Este Video es de Lado,175095,15572,1946,PT22M45S
2026-03-30 19:16:57,El Robot de Platón,HsH3buoYcFg,2025-10-02T16:30:12Z,El Idioma MÁS EXTRAÑO del Mundo,239259,13621,1085,PT25M34S
2026-03-30 19:16:57,El Robot de Platón,eXatJZmgFYY,2025-09-27T17:17:34Z,¿Qué Pasó con el Trasplante de Cabeza?,262572,18221,1662,PT23M54S
2026-03-30 19:16:57,El Robot de Platón,TdlonvWaW_g,2025-09-24T20:52:22Z,El Fin de la Autoría Humana,147629,10735,968,PT21M10S
2026-03-30 19:16:57,El Robot de Platón,jQqhF2mJv7Q,2025-09-18T18:02:03Z,¿Por qué el Patrón Ramificado en la Naturaleza?,312870,18680,1210,PT22M45S
2026-03-30 19:16:57,El Robot de Platón,Vv4ORjb0ilI,2025-09-11T18:30:42Z,La Exploración Espacial en Latinoamérica,201503,10745,1550,PT25M13S
2026-03-30 19:16:57,El Robot de Platón,5dDjNrn9JVM,2025-09-04T19:00:04Z,¿Es Esta la Cura Definitiva del Cáncer?,444130,30072,1849,PT19M16S
2026-03-30 19:16:57,El Robot de Platón,ztWiIqr9kvI,2025-08-28T18:31:33Z,Bienvenidos a la Revolución de la Predicción,190245,12464,817,PT20M51S
2026-03-30 19:16:57,El Robot de Platón,-cqbHjtIen0,2025-08-21T20:06:37Z,Científicos Anuncian que el WARP DRIVE es Posible,1074640,53584,3310,PT21M59S
2026-03-30 19:16:57,El Robot de Platón,OgmD7l2nBvs,2025-08-15T18:30:39Z,¿Para qué Estudiar si Google lo Sabe Todo?,157718,13406,779,PT21M45S
2026-03-30 19:16:57,El Robot de Platón,QJ9LfjL6Qvw,2025-08-07T18:00:07Z,Finalmente: Todo lo que Debes Saber sobre el Visitante Interestelar,809537,36430,2858,PT21M22S
2026-03-30 19:16:57,El Robot de Platón,wMNiy7SeBqQ,2025-08-03T22:11:37Z,No Necesitas Ser Matemático para Entender este Video,49509,4832,292,PT5M56S
2026-03-30 19:16:57,El Robot de Platón,kME7kRrPw8M,2025-07-30T19:46:09Z,Por qué NUNCA PODRÁS TENER tu Auto Volador,394976,20625,1987,PT24M20S
2026-03-30 19:16:57,El Robot de Platón,f8VlB760cds,2025-07-27T18:54:32Z,5 Formas de Destruir el Universo. Apunta.,710610,26962,2049,PT23M49S
2026-03-30 19:16:57,El Robot de Platón,yocbTAfis94,2025-07-24T19:00:55Z,"No Quiero Alarmarlos, pero esto es Algo que Tienen que Saber",122496,14308,1400,PT8M1S
2026-03-30 19:16:57,El Robot de Platón,t21Ok8y5Zzc,2025-07-20T16:01:20Z,¿Qué es el ADN Oscuro?,299027,16120,853,PT23M5S
2026-03-30 19:16:57,El Robot de Platón,0JqSl2ob7bk,2025-07-14T18:30:03Z,Cuando Casi Nukeamos la Luna,86168,7760,705,PT14M55S
2026-03-30 19:16:57,El Robot de Platón,GKn2uOj1zYE,2025-07-11T20:24:00Z,¿Se Puede Pensar sin Lenguaje?,860423,57650,4156,PT24M10S
2026-03-30 19:16:57,El Robot de Platón,iLeydyzbLgc,2025-07-04T18:31:06Z,Por qué Nadie Cruza esta Línea,560145,25855,1490,PT21M35S
2026-03-30 19:16:57,El Robot de Platón,P_gwEo9qz3w,2025-06-27T19:34:34Z,El MIT Muestra el Peligro del ChatGPT,1240458,76601,6920,PT22M8S
2026-03-30 19:16:57,El Robot de Platón,HbO2hv-vSZc,2025-06-24T18:00:30Z,¿Qué Pasó Realmente con el Apolo 18?,448878,16447,863,PT21M7S
2026-03-30 19:16:57,El Robot de Platón,5MrthDhaqhI,2025-06-20T20:19:10Z,¡Fotos de Planetas Fuera del Sistema Solar!,318666,13955,795,PT21M52S
2026-03-30 19:16:57,El Robot de Platón,cu87Kb960tE,2025-06-13T18:00:40Z,Cómo Saber el Futuro de la Tierra (Sin Brujería),225310,10508,822,PT20M46S
2026-03-30 19:16:57,El Robot de Platón,sNQFXb2nwAg,2025-06-09T19:42:45Z,Por qué la Ciencia No Acepta la Existencia de Extraterrestres (Aún),599830,32440,3938,PT17M30S
2026-03-30 19:16:57,El Robot de Platón,ZypYQaW4ErY,2025-06-06T21:12:16Z,El Hombre que casi Destruye el Planeta,69464,6621,711,PT18M50S
2026-03-30 19:16:57,El Robot de Platón,OWo5H21vHMc,2025-05-29T20:18:49Z,Futurista dice que Seremos Inmortales para el 2030,269791,14208,1947,PT25M18S
2026-03-30 19:17:05,Dilo Nomas,DbX_m_gpPOs,2026-03-29T15:00:00Z,"Fuimos en busca de OUTFITS EXTREMOS para ""El Caballero de Adobe"" | Dilo Nomás Ft. @robertosuclly",20422,989,100,PT22M41S
2026-03-30 19:17:05,Dilo Nomas,qeHHE5xA9Zs,2026-03-27T17:00:00Z,🏰 Pasamos TODA LA NOCHE EN EL BOSQUE DE LOS OLIVOS de San Isidro | ¡No imaginas todo lo que pasó!,29147,1485,98,PT18M3S
2026-03-30 19:17:05,Dilo Nomas,u6k7FoyTxyE,2026-03-25T18:00:00Z,🔥 Encontré el OUTLET más CALETA de ZAPATILLAS ORIGINALES | ¡Almacén con las reales ofertas!,34453,858,92,PT25M23S
2026-03-30 19:17:05,Dilo Nomas,5NHnd_IWxsc,2026-03-22T15:00:00Z,🔊 Encontré EL MEJOR PARLANTE al MEJOR PRECIO (Con las 3B) | ¿Tan bueno es? | Dilo Nomás,45984,1239,820,PT14M38S
2026-03-30 19:17:05,Dilo Nomas,aTsIYlxboV0,2026-03-20T17:00:00Z,🏠 INCURSIÓN PARANORMAL a la CASA ABANDONADA DENTRO DEL CERRO | Dilo Nomás Ft. @samuride33,59122,1898,165,PT32M12S
2026-03-30 19:17:05,Dilo Nomas,Tbj8MGqCEm8,2026-03-18T17:00:00Z,🐙 Probamos EL FAMOSO PULPO ANTICUCHERO ¿Vale la pena? | Dilo Nomás,20167,756,65,PT15M19S
2026-03-30 19:17:05,Dilo Nomas,0uysdw1bkTU,2026-03-15T15:00:00Z,🔥 Compré LOS OBJETOS MÁS RAROS QUE HAY EN TACORA | Rarezas de la Cachina | DiloNomás,51750,1821,161,PT18M46S
2026-03-30 19:17:05,Dilo Nomas,nipHaUbbBs0,2026-03-13T17:00:00Z,Preparamos POLLO A LA BRASA CASERO en la PUNTA DEL CERRO | Dilo Nomás Ft. @robertosuclly,142486,4817,298,PT25M54S
2026-03-30 19:17:05,Dilo Nomas,QkoSPtYwUoc,2026-03-11T19:00:00Z,💀 ESTA ES LA PLAYA MÁS P3LIGROSA DEL PERÚ | Lo que nunca viste de ella | Dilo Ft. @dimelo.camir.1,48737,1288,85,PT30M22S
2026-03-30 19:17:05,Dilo Nomas,D8kHTwJmOX8,2026-03-08T15:00:00Z,🔥 NOS QUEDAMOS SIN GAS EN PERÚ ¿Qué podemos hacer? | Toda la verdad | Dilo Nomás,71446,2194,335,PT15M7S
2026-03-30 19:17:05,Dilo Nomas,7OfVuu7FlfY,2026-03-06T17:00:00Z,EL IMPACTANTE MUSEO del HOSPITAL LARCO HERRERA | Así se trataban los enf3rmos hace siglos,74988,2006,111,PT37M57S
2026-03-30 19:17:05,Dilo Nomas,yhwmXQEy0hk,2026-03-04T17:00:00Z,🔥 Encontramos EL MERCADO DE PULGAS MÁS GRANDE DEL PERÚ (SÚPER BARATO) | Desde S/ 1.00 | DiloNomás,54504,1220,107,PT31M36S
2026-03-30 19:17:05,Dilo Nomas,80bjcfEyc6I,2026-03-01T15:00:00Z,👓 Puse a prueba los LENTES DE SOL más VENDIDOS | Toda la verdad sobre el FILTRO UV | Dilo Nomás,28037,1005,129,PT15M16S
2026-03-30 19:17:05,Dilo Nomas,QolKqTHY8W4,2026-02-27T17:00:00Z,☕ Probando DESAYUNO PITUCO vs DESAYUNO DE BARRIO | El verdadero DESAYUNO del trabajador PERUANO,36644,1254,108,PT17M36S
2026-03-30 19:17:05,Dilo Nomas,mJ6YBjdRnOs,2026-02-25T17:00:00Z,😲 Encontré UNA LAGUNA OCULTA EN LA CIMA DE ESTOS CERROS | ¿Originará HUAYCOS? | Ft.@samuride33,54658,1778,106,PT22M9S
2026-03-30 19:17:05,Dilo Nomas,m-JOUUqO7P4,2026-02-22T15:00:00Z,💀 EN LO MÁS PROFUNDO DEL NUEVO PASAMAYITO | La ruta de la mu3rte | Dilo Nomás Ft. @santobrasa,85883,2172,116,PT23M37S
2026-03-30 19:17:05,Dilo Nomas,DnHB4lvh65Q,2026-02-18T17:00:00Z,🥘 PROBAMOS LOS CEVICHES MÁS RAROS DEL PERÚ | Dilo Nomás Ft. @samuride33,34218,860,64,PT21M54S
2026-03-30 19:17:05,Dilo Nomas,1BRYc93HEGE,2026-02-15T15:00:00Z,🔥 LA ÚLTIMA CACHINA | ¡Muchas cuadras de mercadería SÚPER BARATA! | DiloNomás Ft. @santobrasa,63052,1373,53,PT16M22S
2026-03-30 19:17:05,Dilo Nomas,IDW_e8mDNUI,2026-02-11T17:00:00Z,ASI ERAN LOS ÚTILES ESCOLARES ANTIGUOS ¿Eran mejores que los de ahora? | Dilo Nomás,83413,2638,280,PT30M55S
2026-03-30 19:17:05,Dilo Nomas,IqwKm2DQjPY,2026-02-08T15:00:00Z,"🏠 ¿@robertosuclly perderá su casa? | Momentos difíciles para ""Caballero de Adobe"" | Dilo Nomás",96899,3175,209,PT21M12S
2026-03-30 19:17:05,Dilo Nomas,DqvafbOr5Do,2026-02-04T17:00:00Z,🏠 Este es EL COLEGIO MÁS PEQUEÑO DEL MUNDO | 1m2 | Dilo Nomás Ft.@santobrasa,73675,2084,130,PT28M2S
2026-03-30 19:17:05,Dilo Nomas,ym129y6xjOs,2026-02-01T15:00:00Z,🔥 LOS P3LIGROSOS RIELES DEL TREN | Nos infiltramos y te mostramos todo | DILO  Ft. @LuissAventuras,60549,1497,131,PT31M32S
2026-03-30 19:17:05,Dilo Nomas,Gca4p8jw5XE,2026-01-28T17:00:00Z,"Puse a prueba los ""MINI AIRE ACONDICIONADO"" más VENDIDOS | ¿Valen la pena? | Dilo Nomás",165633,4603,459,PT18M18S
2026-03-30 19:17:05,Dilo Nomas,IH2N1eHdbbY,2026-01-25T15:00:00Z,🥘 Encontramos un HUARIQUE EXTREMO | ¡Al lado de un acantilado! | Dilo Nomás Ft. @samuride33,42999,1219,65,PT15M43S
2026-03-30 19:17:05,Dilo Nomas,IHY4vbgYJME,2026-01-24T03:55:54Z,ES HORA DE HABLAR CLARO!,5337,283,10,PT1H46M38S
2026-03-30 19:17:05,Dilo Nomas,jMNCDbmcxqI,2026-01-21T17:00:00Z,💀Estos son LOS OLVIDADOS del CEMENTERIO EL ÁNGEL | Dilo Nomás,38602,1360,59,PT13M59S
2026-03-30 19:17:05,Dilo Nomas,zUzprrCAfXE,2026-01-18T15:00:00Z,🇨🇳 ALIEXPRESS vs TEMU | ¿Es tan mala como dicen? ¿Cuál conviene más? | Dilo Nomás,199203,5254,724,PT24M36S
2026-03-30 19:17:05,Dilo Nomas,QNuSYQtmfgI,2026-01-17T10:14:23Z,Volvimos (parte 2),2634,126,3,PT1H3M9S
2026-03-30 19:17:05,Dilo Nomas,PTN4HZtkHXA,2026-01-16T23:46:00Z,Dilo Nomas está en vivo (parte 3),4007,112,2,PT52M33S
2026-03-30 19:17:05,Dilo Nomas,4kG9eVJj3Qo,2026-01-16T21:26:36Z,Arrancamos!,2005,126,6,PT24M30S
2026-03-30 19:17:05,Dilo Nomas,4iR7mdztZlU,2026-01-14T17:00:17Z,☀️ PONGO A PRUEBA todos los BLOQUEADORES SOLARES | ¡Estás corriendo riesgo! | Dilo Nomás,254280,16125,978,PT13M45S
2026-03-30 19:17:05,Dilo Nomas,9047drxPe2U,2026-01-11T15:00:31Z,🏠 Esta es la realidad de vivir EN LA PUNTA DE UN CERRO en Perú | ¿Tú podrías? | Ft. @robertosuclly,318819,6941,934,PT27M9S
2026-03-30 19:17:05,Dilo Nomas,Vbzc5dMh_ME,2026-01-10T08:10:01Z,ARRANCAMOS MIS REYES!,2137,138,4,PT1H1M41S
2026-03-30 19:17:05,Dilo Nomas,ABlhSA_Mdno,2026-01-10T03:40:44Z,HEMOS VOLVIDO,2819,202,19,PT1H32M8S
2026-03-30 19:17:05,Dilo Nomas,LgIRxVBJrgc,2026-01-07T17:00:40Z,🔥 Este Hombre es un GENIO! Se hizo viral MOSTRANDO SU TRABAJO en una CARRETERA! | Dilo Nomás,100735,2752,256,PT17M9S
2026-03-30 19:17:05,Dilo Nomas,11jRmKap58I,2026-01-04T15:00:04Z,💰 Fuimos a la PLAYA CON UN DETECTOR DE METALES en AÑO NUEVO | ¿Valió la pena?,189187,3384,595,PT19M58S
2026-03-30 19:17:05,Dilo Nomas,BehjqJMMNrM,2026-01-01T15:00:23Z,💀 BEBIDAS BAMBA vs BEBIDAS ORIGINALES | ¡Estás corriendo riesgo! | Dilo Nomás,104794,3352,360,PT24M8S
2026-03-30 19:17:05,Dilo Nomas,ELI4h7GGlDY,2025-12-30T01:42:32Z,EL ULTIMO LIVE ¡ADIOS!,4816,302,61,PT1H59M53S
2026-03-30 19:17:05,Dilo Nomas,X0kegPdayyk,2025-12-28T15:00:58Z,Encontré UNA ENORME COLECCIÓN de ARTÍCULOS ANTIGUOS | Única en el Perú | Dilo Nomás,18220,547,42,PT31M2S
2026-03-30 19:17:05,Dilo Nomas,sve0QbjGa6k,2025-12-25T21:10:28Z,FELIZ NAVIDAD MIS REYES!!!,6118,345,71,PT3H48M54S
2026-03-30 19:17:05,Dilo Nomas,Mj-jajYHfKo,2025-12-23T18:30:36Z,💀 Panetón BAMBA vs Panetón ORIGINAL | ¡Caíste en la trampa y no lo sabías! | Dilo Nomás,556341,11526,1562,PT18M
2026-03-30 19:17:05,Dilo Nomas,P8ep4GUsNO4,2025-12-21T15:00:51Z,🔥 LA VERDAD DE TACORA | La Picante Cachina | ¡Lo que nunca viste! | Dilo Nomás,208627,1847,182,PT30M46S
2026-03-30 19:17:05,Dilo Nomas,D16S5AlFftg,2025-12-19T17:00:19Z,💀 Así fue EL PRIMER AS3SINAT0 EN MASA del Perú | No se salvaron ni los N|Ñ0S | Dilo Nomás,52988,1668,81,PT18M37S
2026-03-30 19:17:05,Dilo Nomas,DmLds3xy6ig,2025-12-17T17:00:00Z,HIZO SU CASA AL MEDIO DE UNA P3LIGROSA CARRETERA | La vida dentro de una vía rápida |ft.@samuride33,301981,5969,444,PT25M52S
2026-03-30 19:17:05,Dilo Nomas,NoNQa2kASOk,2025-12-14T15:00:00Z,ESTE HOMBRE VIVE SOLO FRENTE AL MAR | 50 años solo en una playa | Dilo Nomás,44226,1234,101,PT22M59S
2026-03-30 19:17:05,Dilo Nomas,GyJJTfif5XY,2025-12-12T17:22:43Z,💀 EL CERRO MÁS P3LIGROSO DEL PERÚ | ¿Una leyenda causa todo? | Dilo Nomás,74270,2111,64,PT10M22S
2026-03-30 19:17:05,Dilo Nomas,SZlVbqXrJfU,2025-12-10T17:00:58Z,🥘 Probando Arroz Chaufa PITUCO vs DE BARRIO | ¿Cómo es el Chaufa de S/. 3.00 soles? | Dilo Nomás,234025,5499,315,PT16M26S
2026-03-30 19:17:05,Dilo Nomas,JqI68RDENkc,2025-12-07T15:00:38Z,"🇮🇳 Probamos LOS PANETONES MÁS RAROS | ¿Es bueno el Panetón de la ""India""? | Dilo Nomás",109047,2857,531,PT23M24S
2026-03-30 19:17:05,Dilo Nomas,sH7-_e4NAZ4,2025-12-06T05:24:45Z,HORA DE CONVERSAR DE TODO,4038,219,12,PT2H34M40S
2026-03-30 19:17:05,Dilo Nomas,3oyeYeAEkmE,2025-12-03T17:00:09Z,ESTE HOMBRE CONVIERTE COSAS VIEJAS EN VERDADERAS JOYAS | Nadie lo supera | ft. @Restaurandomemorias2026​,19051,629,29,PT44M22S
2026-03-30 19:17:05,Dilo Nomas,pkBJIb92j70,2025-11-30T15:01:36Z,🇨🇴 Probamos LA VERDADERA COMIDA COLOMBIANA ¿Es realmente buena? | Dilo Nomás Ft @samuride33,17487,492,81,PT33M1S
2026-03-30 19:17:05,Dilo Nomas,DCnqtlo_xYU,2025-11-28T17:00:22Z,🏠 INICIÉ MI TITULACIÓN pero la MUNICIPALIDAD INSPECCIONÓ MI CASA ¿POR QUÉ? | Dilo Nomás,27573,879,74,PT16M46S
2026-03-30 19:17:05,Dilo Nomas,vRgWuzOubuQ,2025-11-27T20:23:29Z,Dilo Nomas está en vivo,4412,253,21,PT3H9M51S
2026-03-30 19:17:05,Dilo Nomas,EWRW6yVYfuU,2025-11-26T17:00:28Z,💰 ENCONTRÉ TESOROS BUCEANDO en la BASURA | ¡UNA CONSOLA DE VIDEO JUEGOS MUY CARA! | Dilo Nomás,87684,1990,309,PT32M42S
2026-03-30 19:17:05,Dilo Nomas,SvoeIH0XOxA,2025-11-23T15:01:01Z,💀LA CANCHA DE LOS MU3RTOS : Los hinchas están en los nichos del cementerio | Dilo Ft.@samuride33,50870,1241,86,PT16M14S
2026-03-30 19:17:05,Dilo Nomas,J5apOqYvu2w,2025-11-21T17:00:25Z,FUI A BUSCAR A MIS SEGUIDORES Y LOS SORPRENDÍ | Dilo Nomás,18814,840,55,PT13M18S
2026-03-30 19:17:05,Dilo Nomas,nHQ6wwOHpho,2025-11-19T18:00:09Z,🔇 Puse a prueba una VENTANA ANTI RUIDO CASERA vs PROFESIONAL | LA SOLUCIÓN FINAL | Dilo Nomás,50322,1463,120,PT26M33S
2026-03-30 19:17:05,Dilo Nomas,_LQCmaIGLYA,2025-11-16T15:01:08Z,💰 VENDÍ TODAS MIS COSAS a un CACHINERO PROFESIONAL | ¿Es rentable? | Dilo Nomás,63339,2181,259,PT14M42S
2026-03-30 19:17:05,Dilo Nomas,mu3eb-PiCqA,2025-11-12T17:01:30Z,🍆 Probamos la GAMPI Broster y la PUCHAINA Broster | ¿N3PE FRITO? | Dilo Nomás Ft @TablitaFishing,52431,1512,112,PT20M
2026-03-30 19:17:05,Dilo Nomas,GAdaDvW6DzU,2025-11-09T15:00:24Z,🔥 La FERIA DOMINICAL MÁS GRANDE de ARTÍCULOS USADOS | ¡Pura Carnesita! | Dilo Nomás Ft. @zaczri,135271,2005,160,PT19M1S
2026-03-30 19:17:05,Dilo Nomas,8hVO-O8RRZE,2025-11-05T17:00:22Z,🍀 ¡S0RTEO! TODO ESTO ES PARA TI...¡Y AUN FALTA MÁS! | Dilo Nomás,11919,745,427,PT18M42S
2026-03-30 19:17:05,Dilo Nomas,KMpFI1tYZJ8,2025-11-02T15:00:36Z,💰 UN DÍA CÓMO VENDEDOR en la CACHINA MÁS GRANDE DEL PERÚ | ¿Demasiado Dinero? | Dilo Nomás,181724,4037,271,PT22M6S
2026-03-30 19:17:05,Dilo Nomas,Y3uyBSbB0LI,2025-10-29T17:00:54Z,🔇 Encontré la SOLUCIÓN FINAL para los RUIDOS CON POCO DINERO | ¡Por fin podré dormir! | DILO NOMÁS,123646,3101,223,PT18M34S
2026-03-30 19:17:05,Dilo Nomas,9ra76hV6wbY,2025-10-26T15:00:15Z,EXPLORAMOS las ZONAS OCULTAS de una ANTIGUA HACIENDA | Dejaron muchas cosas | Ft. @TablitaFishing,62025,1560,86,PT22M55S
2026-03-30 19:17:05,Dilo Nomas,zRZPmvP5O8k,2025-10-22T17:01:21Z,🍳 ENCONTRAMOS EL PAN CON TORREJA XXL | El desayuno de los estibadores | Dilo Nomás Ft.@samuride33,60557,1403,121,PT12M30S
2026-03-30 19:17:05,Dilo Nomas,-EVZqZ1qwxI,2025-10-19T15:00:01Z,💀 COMPRÉ OBJETOS MUY VALIOSOS DE UN MU3RT0 | La Cachina más extrema | Dilo Nomás,223746,4140,458,PT18M47S
2026-03-30 19:17:05,Dilo Nomas,H_CGXpLRdGY,2025-10-15T17:00:24Z,⚰️ SEPULTARON A LOS NIÑ0S en las PAREDES | Un cementerio muy extraño | Dilo Nomás,28982,1028,86,PT23M9S
2026-03-30 19:17:05,Dilo Nomas,MHoq8L7ufbA,2025-10-12T15:00:36Z,🙏 GRACIAS POR TODO | Dilo Nomás,86223,6006,2328,PT21M7S
2026-03-30 19:17:05,Dilo Nomas,zUrOTvzjJVs,2025-10-08T17:01:21Z,🐂 Participé de LA PAMPLONADA EN PERÚ | ¡Por poco termina mal! | Dilo Ft.@samuride33,40035,1289,367,PT21M15S
2026-03-30 19:17:05,Dilo Nomas,Owy5T2WCBXc,2025-10-05T14:45:04Z,🥣 ¿Qué COMEN los PERUANOS en la PROCESIÓN del SEÑOR DE LOS MILAGROS? | Dilo Nomás Ft.@samuride33​,80543,1912,269,PT20M8S
2026-03-30 19:17:05,Dilo Nomas,kn1Cu5pPe7M,2025-10-01T18:59:17Z,😭 ME HIZO GRITAR Y LL0RAR ¡Quedé Traum@do de por vida! | Storytime | Dilo Nomás,20551,1125,204,PT17M3S
2026-03-30 19:17:05,Dilo Nomas,WfrOBOutyVI,2025-09-28T15:00:59Z,🛠️ Construí MIS PROPIOS MUEBLES con POCO DINERO | ¡Si se pudo y muestro el PASO A PASO! | DILO NOMÁS,68303,2834,342,PT31M59S
2026-03-30 19:17:05,Dilo Nomas,QrM-QTzbx4Y,2025-09-24T17:00:42Z,Pasé UNA NOCHE en EL CEMENT3RIO MÁS P3LIGROSO DEL PERÚ | ¡No estábamos solos! | Dilo Nomás,115133,2662,232,PT23M36S
2026-03-30 19:17:05,Dilo Nomas,htge63hLDjU,2025-09-21T15:01:14Z,"🥣 Así es el MENÚ MÁS BARATO DEL PERÚ S/.5 | Estas mujeres VENCIERON al ""MENÚ DINA"" | Ft.@samuride33​",228353,4578,483,PT17M21S
2026-03-30 19:17:05,Dilo Nomas,ABg3fAIeUaI,2025-09-19T17:00:15Z,💀 Una capilla con 13 CRÁNEOS HUMANOS que cumplen CUALQUIER DESEO | Dilo Nomás,6041,352,34,PT8M6S
2026-03-30 19:17:05,Dilo Nomas,K_cNvFO_M38,2025-09-14T14:30:13Z,🏠 Construyó UNA CASA DE LUJO en la CIMA de un CERRO | ¡Una locura! | DILO NOMÁS,427849,7639,1432,PT27M45S
2026-03-30 19:17:05,Dilo Nomas,o-w_fU2SVT0,2025-09-10T17:01:12Z,💀 Brujos intentaron D3STRUIR TODA una FAMIL|A | Encontré 5 muñecos budú amarrados JUNTOS! | Dilo No+,63355,1874,142,PT15M47S
2026-03-30 19:17:05,Dilo Nomas,yDNa3OD1org,2025-09-07T14:01:32Z,🥪 PAN CON CHICHARRÓN de BARRIO vs PITUCO ¿Cuál es mejor? | Dilo Nomás Ft. @samuride33,124093,3132,336,PT25M2S
2026-03-30 19:17:05,Dilo Nomas,caqs0zHuRKQ,2025-09-03T23:30:10Z,🔥 El INCEND|O MÁS LARGO DEL PERÚ DESAPARECIÓ SU CASA | Nos muestra todo en video | Ft. @zaczri,14528,574,31,PT17M58S
2026-03-30 19:17:05,Dilo Nomas,fas-u3Ct2EU,2025-08-31T15:01:12Z,🏠 LA CASA QUE CONSTRUÍ NO ME PERTENECE | ¿perderé todo? | Dilo Nomás,86088,2343,244,PT30M29S
2026-03-30 19:17:05,Dilo Nomas,yFkTjJGW0mY,2025-08-26T17:01:14Z,"🥩 Encontramos LAS MEJORES CARNES DE LIMA SUR:  Anticuchos, chorizos, picañas y más | Dilo Nomás",26258,866,43,PT15M11S
2026-03-30 19:17:05,Dilo Nomas,FIEd2zoucTo,2025-08-26T17:00:28Z,"🔥 Asi te ENGAÑAN con las  POLERAS Y POLOS de ""ALGODÓN"" |  ¡Pruebas Caseras! | Dilo Nomás",37399,1232,153,PT16M58S
2026-03-30 19:17:05,Dilo Nomas,GnO1j-spFYg,2025-08-26T17:00:16Z,"⚔️ LA IMPORTADORA MÁS GRANDE DE ARTÍCULOS DE COLECCIÓN | Espadas, escudos, dagas y más | Dilo Nomás",38466,1718,128,PT15M16S
2026-03-30 19:17:05,Dilo Nomas,XMSEVH4WMkk,2025-08-24T15:00:52Z,INCURSIÓN EXTREMA: Así es la DURA & PELIGR0SA VIDA en la 𝗠𝗔𝗥 𝗕𝗥𝗔𝗩𝗔  | Dilo Ft@EnfoqueCiudadanoPeru​,34878,833,61,PT19M24S
2026-03-30 19:17:05,Dilo Nomas,_qcWop_VSUA,2025-08-20T17:00:53Z,💀 Este es el CEMENTERIO MÁS ATERRADOR DEL PERÚ | ¡Demasiado extremo! | Ft@EnfoqueCiudadanoPeru​,341545,5994,310,PT21M33S
2026-03-30 19:17:05,Dilo Nomas,pzYApDO_ELc,2025-08-17T15:01:25Z,💧 ¡PODRÍAMOS QUEDARNOS SIN FRUTAS! | La impactante realidad del agua en el Perú | Dilo Nomás,53465,1470,181,PT25M48S
2026-03-30 19:17:05,Dilo Nomas,sdBOi4T4vVY,2025-08-13T17:01:16Z,EL CERRO CABRAS: Un lugar hermoso que 𝑫𝑬𝑽𝑶𝑹𝑨 𝑷𝑬𝑹𝑺𝑶𝑵𝑨𝑺 | Dilo Nomás Ft. @ClíoTV.2024,42516,1221,84,PT26M17S
2026-03-30 19:17:05,Dilo Nomas,srnqy9ESx94,2025-08-10T15:01:34Z,🍲 Probamos EL CHIRIMPICO | Un plato norteño con una LEYENDA MUY OSCURA | Dilo Nomás,33956,1038,65,PT14M46S
2026-03-30 19:17:05,Dilo Nomas,VGLkj14v7MA,2025-08-06T17:00:54Z,💰 Este es el 𝗡𝗨𝗘𝗩𝗢 𝗗𝗨𝗧𝗬 𝗙𝗥𝗘𝗘 𝗡𝗔𝗖𝗜𝗢𝗡𝗔𝗟 del Aeropuerto ¿REMATAN TODO? | Dilo Nomás,49507,922,172,PT15M30S
2026-03-30 19:17:05,Dilo Nomas,HrrDY6T72j0,2025-08-03T15:00:33Z,🐍 EL HOMBRE SERPIENTE: El hombre que cría decenas de reptiles y los domina | Dilo Nomás,14944,657,47,PT28M26S
2026-03-30 19:17:05,Dilo Nomas,9NQaF_W78JY,2025-07-30T17:00:26Z,🍲 ¿Qué COMEN los COLEGIALES PERUANOS afuera de la ESCUELA? | Comida Callejera | Dilo Ft.@samuride33,586482,10616,671,PT21M51S
2026-03-30 19:17:05,Dilo Nomas,Ig5pPXuz4NI,2025-07-27T15:00:21Z,🔥 EL DELIVERY MÁS EXTREMO DEL PERÚ | Solo él ingresa a las zonas más P3LIGROSAS | Dilo Nomás,104835,2327,108,PT20M41S
2026-03-30 19:17:05,Dilo Nomas,DskpQRN4ORQ,2025-07-23T17:00:16Z,LA MEGACACHINA OCULTA | Encontramos una NUEVA CACHINA ENORME | Dilo Nomás Ft. @samuride33,268234,3481,224,PT22M29S
2026-03-30 19:17:05,Dilo Nomas,cIO-YykyYdk,2025-07-20T15:00:55Z,🏠 Conocí el NUEVO DEPARTAMENTO DE JORGE LUNA 💎 | Dilo Nomás,174882,4276,262,PT15M
2026-03-30 19:17:05,Dilo Nomas,GBDLeTa5Z5w,2025-07-16T17:00:27Z,🔥 Probamos EL REAL CEVICHE CALLEJERO en un BARRIO PICANTE | DiloNomás Ft. @EnElLlauca,115540,1825,167,PT23M21S
2026-03-30 19:17:05,Dilo Nomas,mxAw83NVEzc,2025-07-13T15:01:22Z,💎 BUSCANDO TESOROS en la CASA DE UN ACUMULADOR C0MPULSIVO | ¡Había de todo! | Dilo Nomás,93479,2160,237,PT37M23S
2026-03-30 19:17:05,Dilo Nomas,E7r2KwqUPqw,2025-07-10T17:00:15Z,Encontramos UN CERRO LLENO DE SACRIFICIOS & BRUJERÍA | Protegido por un demonio | Ft. @samuride33,94388,2072,235,PT27M33S
2026-03-30 19:17:05,Dilo Nomas,_kYMeuB58Go,2025-07-06T15:00:54Z,💰 BUCEANDO en la BASURA DE UN DISTRITO DE MILLONARIOS | ¡Negocio redondo! | Dilo Nomás,339976,6397,581,PT35M45S
2026-03-30 19:17:05,Dilo Nomas,xp9ihoMtFBI,2025-07-02T17:01:26Z,✅ El Burrero: El mejor CEVICHE de CONCHAS NEGRAS estaba escondido | DiloNomás,25963,837,46,PT17M47S
2026-03-30 19:17:05,Dilo Nomas,-TxY3iw8nqg,2025-06-29T15:00:00Z,⚠️ LA VERDAD detrás del CAMBIO DE MEMORIA en los IPHONE | ¡Esto hacen con tu memoria!,173657,4572,985,PT25M1S
2026-03-30 19:17:05,Dilo Nomas,5x8VslbH9sI,2025-06-25T19:38:25Z,ENTES LANZARON OBJETOS EN PLENO LIVE | Pude grabar todo en video | Dilo Nomás,57003,2179,559,PT13M56S
2026-03-30 19:17:05,Dilo Nomas,79Tq3--_okA,2025-06-22T15:00:11Z,💲 OUTFIT de $1400 vs OUTFIT de $100 | Ropa Cara vs Barata ¿Hay mucha diferencia? | Dilo Nomás,111670,2910,359,PT16M14S
2026-03-30 19:17:05,Dilo Nomas,5Dnq5WwiUv0,2025-06-19T19:51:58Z,"⏳ Ingresé a una ""MÁQUINA DEL TIEMPO"" oculta en la CIUDAD  | Dilo Nomás",37240,1015,51,PT34M42S
2026-03-30 19:17:05,Dilo Nomas,D_Yl0h2ltY0,2025-06-17T01:31:24Z,📱 Asi es LA PRIMERA TIENDA XIAOMI OFICIAL DE LATINOAMÉRICA y está en Perú | Dilo Nomás,146552,3533,640,PT23M56S
2026-03-30 19:17:05,Dilo Nomas,sghrLW47vEs,2025-06-15T15:01:29Z,🇰🇷 Encontré un HUARIQUE de COMIDA COREANA en GAMARRA | Probamos de TODO | DiloNomás Ft @samuride33,37427,901,98,PT29M33S
2026-03-30 19:17:05,Dilo Nomas,6acldSzWzWk,2025-06-12T17:00:07Z,💀 ARRIESGAMOS DEMASIADO en un TÉTRICO CEMENTERIO por estos OBJETOS MALDECIDOS  | Ft @dimelo.camir.1,49874,1906,202,PT21M10S
2026-03-30 19:17:05,Dilo Nomas,QgiIax3vT-I,2025-06-08T15:00:41Z,"†  La HISTORIA OCULTA del CEMENTERIO ""La Apacheta"" | Dilo Nomás",119084,3220,206,PT18M48S
2026-03-30 19:17:05,Dilo Nomas,fxWdxo7xMz8,2025-06-05T17:00:53Z,🏨 HOTEL caro vs AIRBNB económico ¿Cuál escogerías? | Dilo Nomás,35099,1213,149,PT13M18S
2026-03-30 19:17:05,Dilo Nomas,xaSiWJJp9qo,2025-06-04T22:01:08Z,❌ YOUTUBER SE APODERÓ DE MI VIDEO Y TUVE QUE HACER ESTO | Storytime | Dilo Nomás,94185,5170,0,PT15M56S
2026-03-30 19:17:05,Dilo Nomas,jVLRHWBRpZc,2025-06-01T15:01:05Z,ASÍ SE HACE EL CEMENTO PARA CONSTRUCCIÓN | Todos los secretos detrás de su fabricación | Dilo Nomás,32987,1253,50,PT15M35S
2026-03-30 19:17:05,Dilo Nomas,RUPtN6nxnyo,2025-05-28T17:00:36Z,✈️ AQUI FUE EL PEOR ACCID€NTE DE AVIÓN EN PERÚ - AREQUIPA 1996 | Dilo Nomás,85292,1903,115,PT15M16S
2026-03-30 19:17:05,Dilo Nomas,i48xyHZP7Ug,2025-05-25T15:01:09Z,Ellos DOMINARON EL SOL en este ENORME DESIERTO ( USD 24 MILLONES) | Dilo Nomás,29358,1094,68,PT11M3S
2026-03-30 19:17:05,Dilo Nomas,i9kwzE4Spw0,2025-05-21T17:28:52Z,💀 Me INFILTRÉ en un HOTEL DE DROG4D1CT0S | Por poco no la cuento | Dilo Nomás,151813,5876,452,PT10M45S
2026-03-30 19:17:05,Dilo Nomas,KrseP3ms7D8,2025-05-18T15:00:25Z,EL PRIMER TRANSFORMER PERUANO ¿Quién es el creador del robot de 6 metros? |  Dilo Nomás,17124,697,55,PT28M38S
2026-03-30 19:17:05,Dilo Nomas,FY4nfaDit20,2025-05-14T17:00:19Z,🎮 Encontré UNA COLECCIÓN MILLONARIA | Tienen las consolas MAS CARAS del Mundo | Dilo Nomás,55525,1315,93,PT53M50S
2026-03-30 19:17:05,Dilo Nomas,QoEtJO0owN0,2025-05-11T15:00:40Z,⚠️ Encontramos EL MERCADO DE LOS ALIMENTOS BAMBA (adulterados) ¿Podrías reconocerlos? | Dilo Nomás,480151,11024,843,PT26M18S
2026-03-30 19:17:05,Dilo Nomas,vZxKiyt1fJY,2025-05-07T17:01:13Z,🐝 El GRAN ENGAÑO de la MIEL Y EL POLEN FALSOS ¡No te imaginas lo que estás comiendo! | Dilo Nomás,281223,6698,812,PT26M1S
2026-03-30 19:17:05,Dilo Nomas,sYz98VxN0zw,2025-05-04T15:01:20Z,Fui parte de una CIRUGÍA DE MANGA GÁSTRICA para PERDER PES0 | Te muestro todo en video | Dilo Nomás,25281,903,108,PT42M16S
2026-03-30 19:17:05,Dilo Nomas,S0Mbx9BfEcE,2025-05-01T15:00:51Z,✈️🇵🇪  Exploramos EL NUEVO AEROPUERTO JORGE CHÁVEZ | La primera CIUDAD AEROPUERTO de Sudamérica | DN,247603,5505,818,PT32M44S
2026-03-30 19:17:05,Dilo Nomas,IeyAbfB4AZo,2025-04-27T15:00:32Z,🥣 Encontramos un PATIO DE COMIDAS en TACORA | Todo en un solo lugar | Dilo Nomás Ft. @MarkoTk,91693,2098,134,PT27M52S
2026-03-30 19:17:05,Dilo Nomas,Nhd4HaNdSj8,2025-04-24T17:00:23Z,ENCONTRAMOS AL ÚLTIMO RESTAURADOR | Convierte cosas viejas en TESOROS |  Dilo ft. @Restaurandomemorias2026,148001,3281,174,PT50M17S
2026-03-30 19:17:05,Dilo Nomas,FI4GuOvnq6k,2025-04-20T15:00:20Z,🧀 El GRAN ENGAÑO del QUESO FALSO ¡Lo detectamos rápidamente! | Dilo Nomás,712964,15522,1071,PT19M16S
2026-03-30 19:17:05,Dilo Nomas,Em6fykZETHw,2025-04-17T16:00:32Z,Descubro el ENGAÑO DE LOS CARGADORES DE iPhone  | ORIGINAL vs CERTIFICADO vs BAMBA | Dilo Nomás,222945,5271,713,PT27M30S
2026-03-30 19:17:05,Dilo Nomas,R7uIsQyszRo,2025-04-13T15:00:39Z,Productos Antiguos Vs Productos Modernos ¿Cuáles eran mejores? | Dilo Nomás,150212,3715,389,PT36M5S
2026-03-30 19:17:05,Dilo Nomas,Ylg2L78Bq34,2025-04-09T18:01:11Z,Encontré una TIENDA DE COLECCIONES RARAS CALETA | Dilo Nomás,301547,5327,418,PT44M34S
2026-03-30 19:17:05,Dilo Nomas,O4X1KBpBeAI,2025-04-06T15:00:33Z,"PINTANDO ROMPE MUELLES POR UN DÍA ¿Se gana bien? | Un día con los ""Tapahuecos"" de TikTok",115063,2810,164,PT32M37S
2026-03-30 19:17:05,Dilo Nomas,uEmAflytP3o,2025-04-02T17:01:03Z,Así te EST4FAN con los CARGADORES DE CELULARES | 🔥 ¡Son un pe|igro! | Dilo Nomás,177544,6276,786,PT23M23S
2026-03-30 19:17:05,Dilo Nomas,3qL-jHsvfJU,2025-03-30T15:00:06Z,💰 LES GANAMOS A TODOS EN ESTA SUBASTA DESDE 1 SOL | Las colecciones más raras | Ft. @MarkoTk,101416,2006,157,PT39M34S
2026-03-30 19:17:05,Dilo Nomas,Co3VSSeCxiU,2025-03-26T01:59:45Z,Hago EN VIVO y termino grabando EVENTOS PARANORMALES | fantasma capturado en video | Dilo Nomás,90653,3369,770,PT14M38S
2026-03-30 19:17:05,Dilo Nomas,3wIG46bty64,2025-03-23T14:30:03Z,LE REGALÉ A MI AMIGO LA CIRUGÍA QUE TANTO NECESITABA | Dilo Nomás Ft. @MarkoTk,69330,2598,370,PT30M17S
2026-03-30 19:17:05,Dilo Nomas,VS_FpwPvsho,2025-03-19T17:00:37Z,Encontramos un RÍO SUBTERRÁNEO OCULTO en Lima | Justo debajo de nosotros | DILO NOMÁS Ft.  @zaczri​,152378,3930,244,PT20M40S
2026-03-30 19:17:05,Dilo Nomas,cOS4OemREbw,2025-03-16T15:00:51Z,En este CEM3NTERIO DEJARON LOS CUERPOS REGADOS por todas partes | Dilo Nomás,119294,2637,228,PT16M49S
2026-03-30 19:17:05,Dilo Nomas,7M4ujln7nFA,2025-03-12T20:16:21Z,Los llevé a ENFRENTAR SUS PEORES MIEDOS | Por poco termina mal | Dilo Nomás Ft. @crisvei,34936,1142,118,PT39M39S
2026-03-30 19:17:05,Dilo Nomas,5P7aLiMOarE,2025-03-09T15:00:07Z,💲 PONGO A PRUEBA HONESTIDAD DE LOS PEAJES | Se quedaron con mi dinero | Dilo Nomás,49136,1563,145,PT22M51S
2026-03-30 19:17:05,Dilo Nomas,MC0J9-LB7po,2025-03-05T17:00:20Z,Encontré un lugar atrapado en el tiempo | Una casa Histórica Oculta | Dilo Nomás,114671,2650,152,PT19M54S
2026-03-30 19:17:05,Dilo Nomas,WPiC9kytHQQ,2025-03-02T15:00:42Z,🛹Encontré UNA RAMPA EN LA PUNTA DE UN CERRO | Ellos lo llevaron al límite | Dilo Nomás,28138,1141,89,PT21M32S
2026-03-30 19:17:05,Dilo Nomas,7Xs-Bh1FGMA,2025-02-26T17:00:08Z,EL MEJOR LUGAR DE COMIDA con MILES DE FIGURAS DE ACCIÓN y COLECCIONABLES | Ft @masvmas,46976,1274,66,PT26M25S
2026-03-30 19:17:05,Dilo Nomas,YsI9sTYsPU0,2025-02-21T17:00:43Z,💻 Pongo a prueba TÉCNICO DE COMPUTADORAS ¿Te hablan con la verdad? | DILO NOMAS,65516,2230,602,PT26M7S
2026-03-30 19:17:05,Dilo Nomas,Q4zKDByL7aY,2025-02-16T14:53:53Z,🔥 ARTESANO ME RETÓ A HACER ESTO para mis suscriptores | Talabartero por un día | Dilo Nomás,22456,819,49,PT34M25S
2026-03-30 19:17:05,Dilo Nomas,Ho6twx0FpSM,2025-02-12T23:30:03Z,🔥 EL INFIERNO: Llegamos a la PISCINA DEL DIABLO | Dilo Nomás Ft. @aquisitonomasoficial,425580,6263,332,PT27M16S
2026-03-30 19:17:05,Dilo Nomas,E6FAU83rebI,2025-02-09T15:00:14Z,🌊 LOS VENDEDORES DE ALTA MAR  | Recorren el Mar Peruano vendiendo de todo | Ft @TablitaFishing,117046,2704,151,PT16M3S
2026-03-30 19:17:05,Dilo Nomas,Mzv_2cJdZkE,2025-02-05T22:00:28Z,🔥 LOS NIÑ0S SICAR10S DEL CALLAO | Casi termina en Tragedia | Ft. @EnElLlauca,708182,10506,709,PT31M18S
2026-03-30 19:17:05,Dilo Nomas,7vm9fVZLiTM,2025-02-02T15:00:14Z,Ingresamos a los TÚNELES SECRETOS de la Casa del Embajador de Japón | Dilo Nomás Ft. @MarkoTk,97949,2854,274,PT28M45S
2026-03-30 19:17:05,Dilo Nomas,QQlEUx7Bkbk,2025-01-30T17:00:34Z,🔥 TODO POR GRABAR UN VIDEO DE YOUTUBE | #storytime  | Dilo Nomás,195912,7445,655,PT16M7S
2026-03-30 19:17:05,Dilo Nomas,Y9rDqTNi2Rk,2025-01-26T15:00:41Z,🎁 Estos EMPRENDEDORES tienen REGALOS PARA TI | Emp. Cap1 | Dilo Nomás,12757,601,51,PT18M
2026-03-30 19:17:05,Dilo Nomas,3ODNA5FN070,2025-01-26T00:14:27Z,🔥 ASÍ FABRIQUÉ EL MEJOR RASTRILLO DE PLAYA | Dilo Nomás,21991,909,54,PT8M19S
2026-03-30 19:17:05,Dilo Nomas,yGIXuv-H_l8,2025-01-22T18:51:08Z,Versus de los OUTLETS MÁS GRANDES DEL PERÚ | ¿Cuál vende más barato? Dilo Nomás Ft. @Amoralfutbol24,159728,2671,228,PT32M11S
2026-03-30 19:17:05,Dilo Nomas,ibXMQ4M_pj8,2025-01-19T15:00:50Z,🔥 COLAMOS LA ARENA DE UNA PLAYA Y ENCONTRAMOS ESTO ¡Negocio redondo!  Ft. @MarkoTk,974061,15387,3249,PT24M19S
2026-03-30 19:17:05,Dilo Nomas,stVaZerasxE,2025-01-15T17:01:04Z,PROBAMOS DE TODO en la playa más popular del Perú ¿Vale la Pena? | Dilo Nomás Ft. @crisvei,138444,4107,298,PT25M1S
2026-03-30 19:17:05,Dilo Nomas,pQjVCVd1KH8,2025-01-12T17:16:03Z,En Vivo DESDE LA CACHINA MÁS GRANDE DEL PERÚ | Dilo Nomás Ft. @eledurivera,75416,1284,50,PT1H51M2S
2026-03-30 19:17:05,Dilo Nomas,JDfBCDx5PUE,2025-01-08T17:00:24Z,ENCONTRAMOS JOYAS Y DINERO | DETECCIÓN METÁLICA en la PLAYA MÁS POPULOSA DE PERÚ Ft. @MarkoTk,322108,4966,654,PT22M17S
2026-03-30 19:17:05,Dilo Nomas,NXB-yk8N5KM,2025-01-05T15:00:22Z,⚠️ TENGO NOTICIAS QUE DARLES SOBRE EL CANAL | Dilo Nomás,44990,3080,306,PT16M53S
2026-03-30 19:17:05,Dilo Nomas,paHRAGOvrjI,2025-01-02T03:32:41Z,DESPUÉS DE UN AÑO lo cuento todo,47379,2159,168,PT3H25M16S
2026-03-30 19:17:05,Dilo Nomas,FMxwaBu-gdU,2024-12-29T15:00:24Z,Pensé encontrar UNA MANSIÓN ABANDONADA EN EL DESIERTO pero no fue así | Dilo Ft. @TablitaFishing,122952,2938,228,PT21M58S
2026-03-30 19:17:05,Dilo Nomas,lzRuwYYNYjA,2024-12-26T17:00:45Z,🛸 ENCONTRAMOS ESTAS HUELLAS DE OVNIS: Este es el lugar donde aterrizan | Dilo Nomás,114646,2609,219,PT32M7S
2026-03-30 19:17:05,Dilo Nomas,v79OZnJU0_E,2024-12-22T15:01:02Z,🐂 DESCUBRIMOS LOS SECRETOS DE LA PLAZA DE TOROS DE ACHO | Lo que nunca viste | Dilo Nomás,300921,3876,584,PT35M21S
2026-03-30 19:17:05,Dilo Nomas,9Nim0WiTe7E,2024-12-18T17:00:12Z,🔥 ESTA IMPORTADORA REMATA ELECTRODOMÉSTICOS | ¡Negocio redondo para ti! | Dilo Nomás,145397,2739,177,PT32M10S
2026-03-30 19:17:05,Dilo Nomas,DjRGHDohpoQ,2024-12-16T17:00:12Z,🎮 Encontramos las CONSOLAS DE VIDEO JUEGOS MÁS BARATAS de Polvos Azules | Dilo Nomás,48768,1241,308,PT34M27S
2026-03-30 19:17:05,Dilo Nomas,jfovBShLkKM,2024-12-11T17:00:46Z,"En este CEMENTERIO LOS CUERPOS HIERVEN | El ""infierno"" de Sullana | Dilo Nomás Ft @TablitaFishing",52552,1473,50,PT15M11S
2026-03-30 19:17:05,Dilo Nomas,ZXodkhkOEHs,2024-12-08T15:00:40Z,El Museo más humilde del Perú | Dilo Nomás Ft @TablitaFishing,29441,1076,70,PT18M14S
2026-03-30 19:17:05,Dilo Nomas,nkAXmwrVK00,2024-12-06T17:00:56Z,🛸 Estos son los TESTIMONIOS MÁS IMPACTANTES DE AVISTAMIENTOS en Perú | Llegaron a grabarlos |,39513,1509,193,PT21M2S
2026-03-30 19:17:05,Dilo Nomas,QZcbpaoiOpE,2024-12-03T17:00:25Z,Encontré la mejor CÁMARA PARA CREAR CONTENIDO | ¡Antes de comprar una GOPRO mira esto! | Dilo Nomás,21946,837,122,PT15M10S
2026-03-30 19:17:05,Dilo Nomas,raMWzK2r3GA,2024-12-01T15:00:54Z,Probamos EL VERDADERO DESAYUNO CHALACO | Todos los Sandwich del Callao | Dilo Nomás Ft @MarkoTk,38166,1246,75,PT15M29S
2026-03-30 19:17:05,Dilo Nomas,9JeCb-IaYnk,2024-11-28T17:00:06Z,🎄 Compré EL PANETÓN MÁS GRANDE DEL PERÚ XXL | ¿Vale la pena? | Ft. @InstitutoNacionalPenitenciario,78165,2009,129,PT17M39S
2026-03-30 19:17:05,Dilo Nomas,xi6Klgqd4oU,2024-11-26T17:00:54Z,Parecía una leyenda ¡pero no! LO QUE SUCEDIÓ AQUÍ ES REAL | Dilo Nomás,31244,1218,49,PT9M54S
2026-03-30 19:17:05,Dilo Nomas,B-n5KdKOveE,2024-11-24T15:00:06Z,🔥 LA OTRA CARA DE LA PICANTE TACORA | El Mercado informal que nunca duerme  | DILO Ft. @MarkoTk,111776,2046,182,PT28M54S
2026-03-30 19:17:05,Dilo Nomas,MHwhIXb5rUA,2024-11-20T17:00:21Z,🔥 NOS INFILTRAMOS EN LAS RIELES DEL TREN DEL CALLAO | Tierra de Nadie | DILO NOMÁS Ft. @MarkoTk,269649,3779,298,PT21M53S
2026-03-30 19:17:05,Dilo Nomas,4Lz4WiQtnIg,2024-11-17T15:00:04Z,"🔥 CASI LO DEVORA EL CEMENTERIO ""LA VIDA NO VALE NADA"" | Pudo m0rir | Dilo Ft.@EnfoqueCiudadanoPeru",95154,2217,92,PT14M13S
2026-03-30 19:17:05,Dilo Nomas,3zBXSrcGK4Y,2024-11-13T17:00:03Z,ASÍ TRABAJAN LOS BUZOS A PULMÓN | Arriesgan su vida a 15 metros SIN OXÍGENO | DILO NOMÁS,56039,1694,75,PT21M54S
2026-03-30 19:17:05,Dilo Nomas,VDVgQGuFIzs,2024-11-10T15:00:33Z,CONVIRTIÓ SU MOTOTAXI EN UNA PIZZERÍA ARTESANAL (Ahora la rompe en redes sociales) | #streetfood,58914,1861,135,PT20M7S
2026-03-30 19:17:05,Dilo Nomas,zPmisxqKYNU,2024-11-07T17:00:58Z,Encontramos una IGLESIA COMPLETAMENTE ABANDONADA CON SU TÉTRICO CEMENTERIO | DN+ Ft. @explordek,44060,1426,69,PT16M32S
2026-03-30 19:17:05,Dilo Nomas,VlBqbluwCVo,2024-11-04T17:00:26Z,"🔥 Ingresamos al edificio ""EL CÓNDOR"" y casi termina en TR4GEDIA | Dilo Nomás",188199,4111,311,PT37M25S
2026-03-30 19:17:05,Dilo Nomas,jaoTta5X25A,2024-10-31T17:00:46Z,💀 Este es el Peor Cementerio que visité | Los Brujos han tomado control de él | Ft. @adonis.garcia,243272,3818,395,PT15M42S
2026-03-30 19:17:05,Dilo Nomas,wditX7tJ0a4,2024-10-27T15:01:03Z,LA DURA VIDA EN LO ALTO DEL CERRO SAN CRISTÓBAL | Una casa construída con reciclaje | DILO NOMÁS,113253,1976,131,PT22M29S
2026-03-30 19:17:05,Dilo Nomas,EX8vjjogjL0,2024-10-23T17:00:18Z,🐟 EL CEVICHE MÁS BRAVO DEL CALLAO |  FRENTE AL POZO DE LOS BARRACONES | DN Ft. @MarkoTk,75594,1808,118,PT14M51S
2026-03-30 19:17:05,Dilo Nomas,iQSCetSjDTU,2024-10-20T15:00:46Z,EL MEJOR TURRÓN QUE PROBÉ | Dato Caleta solo para turroneros de ❤️ | DILO NOMÁS,54183,2411,231,PT16M28S
2026-03-30 19:17:05,Dilo Nomas,JcikvOWCAhE,2024-10-16T17:00:15Z,🔇 PUSE A PRUEBA EL MEJOR SISTEMA ANTI RUIDOS | ¿Vale la pena? | Dilo Nomás,79498,2595,202,PT16M24S
2026-03-30 19:17:05,Dilo Nomas,P1i1bQm9BA0,2024-10-13T15:00:23Z,💀 Arriesgué demasiado en este cementerio | Todo por liberarlo | Dilo Nomás,55457,1959,155,PT14M44S
2026-03-30 19:17:05,Dilo Nomas,gz3dkp3YbUs,2024-10-08T17:31:31Z,Llegamos a las ZONAS PARANORMALES OCULTAS del Cementerio Presbítero Maestro | Ft. @DavPino,331765,6218,399,PT38M25S
2026-03-30 19:17:05,Dilo Nomas,XfrgKC-orA8,2024-10-02T17:00:24Z,"Fuimos por una leyenda, pero SUCEDIERON COSAS MUY EXTRAÑAS | ""LA GRINGA"" | Ft.@EnfoqueCiudadanoPeru",94741,2294,103,PT18M15S
2026-03-30 19:17:05,Dilo Nomas,tUC9pwgYZEE,2024-09-29T15:01:02Z,💀 Este es el CEMENTERIO MÁS MACABRO DEL PERÚ | Una experiencia aterradora | Ft@EnfoqueCiudadanoPeru,1890919,15950,1102,PT13M3S
2026-03-30 19:17:05,Dilo Nomas,Sn53PfW4P5s,2024-09-25T17:00:21Z,Encontramos un BARMAN CALLEJERO en el Callao | Nadie más hace esto en Perú | Ft. @TablitaFishing,70166,2309,129,PT19M37S
2026-03-30 19:17:05,Dilo Nomas,PfEx66FAUpM,2024-09-22T15:00:32Z,"""TRABAJÉ"" 2 semanas en TikTok y todo lo recaudado LO DONÉ | DILO NOMÁS",63458,3547,195,PT14M11S
2026-03-30 19:17:05,Dilo Nomas,nOhcHdum9r4,2024-09-18T17:00:47Z,🔥 ESTA ES LA IMPORTADORA CALETA QUE PROVEE A TODA LIMA | Aquí compraba mi mercadería | Dilo Nomás,362829,7141,578,PT19M38S
2026-03-30 19:17:05,Dilo Nomas,1xOfui54JvA,2024-09-15T15:00:04Z,⚠️ Ingresamos a LA HUERTA PERDIDA ¿El barrio más picante de Lima? | DILO NOMÁS Ft.  @zaczri,255599,4026,263,PT18M42S
2026-03-30 19:17:05,Dilo Nomas,PRtw2WzlAXs,2024-09-11T19:10:26Z,"💲💲💲 Apostamos DINERO usando ""LAS FIJAS"" | ¿SON TAN ACERTADOS COMO ELLOS DICEN? | Toda la verdad",223325,5905,793,PT11M34S
2026-03-30 19:17:05,Dilo Nomas,_E5GuRXljPc,2024-09-08T15:00:36Z,💰 COMPRÉ UN ALMACÉN CON OBJETOS MUY VALIOSOS | ¿Cuánto gané? | Cachinero por un día |  Dilo Nomás,328064,7002,997,PT27M22S
2026-03-30 19:17:05,Dilo Nomas,dXGiJD0itk0,2024-09-06T02:00:16Z,Este HOMBRE VIVE COMPLETAMENTE SOLO la PELIGR0SA SELVA del Perú | Dilo Nomás Ft. @Zoda-Rojas,37327,1275,68,PT20M27S
2026-03-30 19:17:05,Dilo Nomas,e07FfVHkV5s,2024-09-01T15:00:30Z,Una LEYENDA maldita EVITA QUE CORTEN ESTE ÁRBOL | Dilo Nomás,55056,1977,129,PT12M1S
2026-03-30 19:17:05,Dilo Nomas,y19ddCbTMFI,2024-08-28T17:00:47Z,🔥 Encontré ESTE CEMENTERIO ATERRADOR EN PERÚ | ALGO EXTRAÑO se OCULTABA en un ATAÚD |  Dilo Nomás,132618,3982,279,PT14M27S
2026-03-30 19:17:05,Dilo Nomas,lw6quCebD-0,2024-08-25T15:00:52Z,Recolectamos miel de las PELIGROSAS ABEJAS SALVAJES en MEDIO DE LA SELVA | DiloNomás Ft. @Zoda-Rojas,183251,2937,158,PT26M42S
2026-03-30 19:17:05,Dilo Nomas,tsjNJg93fUE,2024-08-21T17:00:55Z,LOS CASTAÑEROS | Algunos pierden la vida extrayendo estos frutos | DiloNomás Ft. @LimaExpresa,159349,2009,102,PT33M24S
2026-03-30 19:17:05,Dilo Nomas,NEaz6tGgBLY,2024-08-18T15:00:18Z,🔥 Zapato NACIONAL (TRUJILLO) vs Zapato IMPORTADO | ¡Los partimos por la mitad y encontramos esto!,361647,6415,602,PT24M
2026-03-30 19:17:11,La Historia De...,t557134nuXk,2026-03-12T22:00:06Z,LA VIDA Y OBSESIÓN DE KEIKO FUJIMORI ✍️ LA MUJER MAS PODEROSA DEL PERÚ,118615,6309,816,PT49M7S
2026-03-30 19:17:11,La Historia De...,ssywWOUD3ro,2026-02-13T23:01:12Z,LA MUJER GENOCIDA MAS DESPIADADA DE LA HISTORIA: LA CAMARADA NORAH ✍️ ESPOSA DE ABIMAEL,143011,5003,761,PT43M58S
2026-03-30 19:17:11,La Historia De...,ypaJx5IE0Ew,2026-01-13T22:00:06Z,¿COMO CAYÓ REALMENTE? ✍️ LA CRÓNICA COMPLETA DE LA CAPTURA DE NICOLAS MADURO,69687,2835,311,PT38M15S
2026-03-30 19:17:11,La Historia De...,Ng8L3ddODto,2025-12-21T22:00:06Z,"CÉSAR ACUÑA y EL PODER QUE DA TENER ""PLATA COMO CANCHA” ✍️",91786,4004,454,PT46M10S
2026-03-30 19:17:11,La Historia De...,2TW0wewT5tc,2025-11-30T22:00:07Z,10 AÑOS EN EL PODER ✍️ EL PERÚ DE VLADIMIRO MONTESINOS (1990 - 2000),181667,6949,870,PT57M48S
2026-03-30 19:17:11,La Historia De...,GPV4gqaBKSs,2025-11-09T22:00:06Z,¿DEBERÍA SER LIBERADO EN EL 2026? ✍️ La historia de VICTOR POLAY CAMPOS y el MRTA,402265,13571,1922,PT52M41S
2026-03-30 19:17:11,La Historia De...,tGIEsUfLoe4,2025-10-19T22:00:06Z,EL NACIONALISMO de JUAN VELASCO ALVARADO ✍️ ¿FUE UN BUEN O UN MAL PRESIDENTE?...,610477,15909,3999,PT47M32S
2026-03-30 19:17:11,La Historia De...,4ZLB_kdtCug,2025-09-28T22:00:06Z,La historia de DONALD TRUMP: EL PODER DE UNA MARCA PERSONAL ✍️,204598,5833,525,PT39M31S
2026-03-30 19:17:11,La Historia De...,pAXEyFmPJgM,2025-09-07T22:00:06Z,LA VIDA DE ALBERTO FUJIMORI ✍️ De no hablar español a convertirse en Presidente del Perú,853363,21385,2208,PT52M53S
2026-03-30 19:17:11,La Historia De...,ytLJu30eECk,2025-08-10T22:00:06Z,LA GUERRA DEL PACIFICO ✍️ La historia COMPLETA,340443,10363,1269,PT48M26S
2026-03-30 19:17:11,La Historia De...,IWEfCmH7Aj8,2025-07-20T22:00:06Z,Lo que NO contó la serie ✍️ La VERDADERA historia de ROBERTO GOMEZ BOLAÑOS - CHESPIRITO,725983,12342,616,PT46M52S
2026-03-30 19:17:11,La Historia De...,AwHSdIzsuWM,2025-06-30T23:00:06Z,La historia de ABIMAEL GUZMAN ✍️ ¿Cómo y por qué se formó SENDERO LUMINOSO?,1383547,30855,2844,PT32M47S
2026-03-30 19:17:11,La Historia De...,UUftfwie-5Q,2025-06-14T22:00:06Z,VLADIMIRO MONTESINOS Y SU OBSESIÓN POR EL PODER ✍️ ¿CÓMO GANÓ LA CONFIANZA DE ALBERTO FUJIMORI?,913264,23136,1854,PT39M39S
2026-03-30 19:17:11,La Historia De...,jn8jsJZ2SAY,2025-05-15T22:00:07Z,NAYIB BUKELE Y CÓMO ACABÓ CON LAS PANDILLAS EN EL SALVADOR ✍️ EL DOCUMENTAL,2652281,74844,4605,PT34M55S
2026-03-30 19:17:11,La Historia De...,QFmgUtKb-dw,2025-04-21T00:00:31Z,ARGENTINA vs INGLATERRA | MUNDIAL DE MÉXICO 86 ✍️ MUCHO MÁS QUE UN PARTIDO DE FUTBOL...,332409,4844,380,PT26M45S
2026-03-30 19:17:11,La Historia De...,3U96TzWNIHo,2025-03-28T22:00:06Z,La juventud de VLADIMIRO MONTESINOS ✍️ ¿Cómo se hizo MILLONARIO antes de conocer a FUJIMORI?,844715,27238,2118,PT38M17S
2026-03-30 19:17:11,La Historia De...,zO_vCICPXLs,2025-02-23T22:00:06Z,CIENCIANO vs BOCA JUNIORS 🏆LA SEGUNDA ESTRELLA DE CIENCIANO ✍️ EL DOCUMENTAL,493988,7693,454,PT20M8S
2026-03-30 19:17:11,La Historia De...,bpeQIiNMwdA,2025-02-04T23:00:06Z,MARIO VARGAS LLOSA Y SU LUCHA POR SER UN ESCRITOR ✍️ ¿CÓMO GANÓ EL PREMIO NOBEL?,438637,15020,1291,PT37M26S
2026-03-30 19:17:11,La Historia De...,OhtZXTWZqRY,2025-01-09T22:00:06Z,"HUGO ""EL CHOLO"" SOTIL ✍️ EL PERUANO MÁS TALENTOSO DE LA HISTORIA ⚽🏆 EL DOCUMENTAL",658618,5919,347,PT28M3S
2026-03-30 19:17:11,La Historia De...,EAQy_V00eHk,2024-11-26T22:00:07Z,EL ARRIESGADO APOYO DE PERÚ a ARGENTINA 🤝 en la GUERRA DE LAS MALVINAS ✍️✈️,603916,19901,3461,PT21M49S
2026-03-30 19:17:11,La Historia De...,jsTV5_BYkVs,2024-10-18T01:45:27Z,HABLANDO HUEVADAS ✍️ LOS PERUANOS QUE LLENARON EL MADISON SQUARE GARDEN,95729,4008,198,PT11M57S
2026-03-30 19:17:11,La Historia De...,C4g5wz2F_to,2024-08-20T22:00:07Z,LA HISTORIA DE NICOLAS MADURO ✍️ EL COLOMBIANO CHOFER DE BUS A QUIEN CHÁVEZ LE DEJÓ TODO EL PODER,607184,16169,2310,PT27M20S
2026-03-30 19:17:11,La Historia De...,hWcJ1lSg1po,2024-07-23T23:00:07Z,GLORIA A PERU EN LAS ALTURAS 🎙️✍️ ECUADOR (1) - (2) PERU | ELIMINATORIAS A RUSIA 2018,364697,4683,248,PT18M24S
2026-03-30 19:17:11,La Historia De...,5H4GkvhFfHc,2024-06-27T22:00:07Z,LA OPERACION CHAVIN DE HUANTAR ✍️ ALBERTO FUJIMORI Y EL RESCATE A REHENES MAS EXITOSO DE LA HISTORIA,2685809,60477,5610,PT40M56S
2026-03-30 19:17:11,La Historia De...,vBXyzf0wnrQ,2024-05-03T23:00:07Z,La historia de CIENCIANO CAMPEÓN COPA SUDAMERICANA 2003 🏆✍️ Unico peruano campeón internacional,2174031,22614,1628,PT30M23S
2026-03-30 19:17:11,La Historia De...,_QeOyRnP0ts,2024-04-07T23:00:06Z,La historia de CÓMO OLIVER SONNE LLEGÓ A SER PERUANO ✍️,611158,17266,1302,PT11M50S
2026-03-30 19:17:11,La Historia De...,8R1a0GN14_s,2023-10-11T23:00:10Z,La historia de LA MARCA PERSONAL DE REYNA A MARADONA ✍️ PERÚ (1-0) ARGENTINA. Eliminatorias a Mex 86,1869281,27680,1274,PT21M16S
2026-03-30 19:17:11,La Historia De...,Ke771A6GwYo,2022-04-12T15:43:58Z,La historia de ALAN GARCÍA y de cómo llegó a ser presidente en 1985 con 36 años ✍️ #storytelling,1024845,22576,1327,PT21M19S
2026-03-30 19:17:11,La Historia De...,k784W8S-sCY,2022-03-21T00:03:31Z,"La historia de ""EL BARRANQUILLAZO"" | Colombia(0) vs (1)Perú | El partido que dejó sin Mundial a COL",1143275,14848,971,PT15M3S
